portion_id	portion_submitter_id	case_id	case_submitter_id	project_id	sample_id	sample_submitter_id	state	portion_number	weight	is_ffpe
7d85211b-6894-48a0-bbb3-32de229b048b	TCGA-06-5412-10A-01	e6e2d4c3-d37c-4de3-ac68-b301800770f0	TCGA-06-5412	TCGA-GBM	fb5563ca-fc5a-41e3-86a8-7c23c64794ed	TCGA-06-5412-10A	released	01	--	False
f6e4033c-3e74-438f-a1bd-200a209d44f0	TCGA-06-5412-01A-01	e6e2d4c3-d37c-4de3-ac68-b301800770f0	TCGA-06-5412	TCGA-GBM	5e47a5d6-c797-427b-8d9a-c3af999f4b77	TCGA-06-5412-01A	released	01	120.0	False
822803a4-f4ee-4b6b-9304-26d1423ae675	TCGA-06-5412-01A-21-1899-20	e6e2d4c3-d37c-4de3-ac68-b301800770f0	TCGA-06-5412	TCGA-GBM	5e47a5d6-c797-427b-8d9a-c3af999f4b77	TCGA-06-5412-01A	released	21	--	False
3b4820a9-c292-43f1-bbb4-be3bbfd43a28	TCGA-06-0646-01A-01	ea82c1da-eada-4108-80ec-77ce891d82a7	TCGA-06-0646	TCGA-GBM	92aa925a-746f-4527-be99-cd25bf78e4d8	TCGA-06-0646-01A	released	01	210.0	False
9ca8a6cd-45ee-4b94-9352-afe0202af32f	TCGA-06-0646-10A-01	ea82c1da-eada-4108-80ec-77ce891d82a7	TCGA-06-0646	TCGA-GBM	877443ce-a5b6-4ae2-b2d9-d5c1c8e193a1	TCGA-06-0646-10A	released	01	--	False
7809ac25-f1de-4b86-920d-00bc3feb53dd	TCGA-12-0619-01A-01	0389b35b-651b-4776-b12a-d315a100f47c	TCGA-12-0619	TCGA-GBM	eba3e660-2d59-4604-87f9-f4985c51ce55	TCGA-12-0619-01A	released	01	77.0	False
6a24f128-0f97-4880-918a-4d3244b5f61f	TCGA-12-0619-10A-01	0389b35b-651b-4776-b12a-d315a100f47c	TCGA-12-0619	TCGA-GBM	ecf37318-9dc0-4e2b-84d6-7ce75070c6be	TCGA-12-0619-10A	released	01	--	False
220361b1-ca69-4dce-956c-33905cfbe1d0	TCGA-06-5859-10A-01	4644a15f-3115-4f27-86b2-b092419431e1	TCGA-06-5859	TCGA-GBM	29f04c57-e2d7-47de-a1d3-38350507d1af	TCGA-06-5859-10A	released	01	--	False
efb53f89-6737-4a60-bcae-2813882d9d4c	TCGA-06-5859-01A-21-1899-20	4644a15f-3115-4f27-86b2-b092419431e1	TCGA-06-5859	TCGA-GBM	4c233158-9f8a-4048-a2ba-eee416e5c38a	TCGA-06-5859-01A	released	21	--	False
8c96aa2a-3852-4dec-8df9-79e8b40e1f18	TCGA-06-5859-01A-01	4644a15f-3115-4f27-86b2-b092419431e1	TCGA-06-5859	TCGA-GBM	4c233158-9f8a-4048-a2ba-eee416e5c38a	TCGA-06-5859-01A	released	01	70.0	False
033548e3-0ffe-42e0-bbb7-5f84f0be06fa	TCGA-06-0152-10A-01	f5bc5d97-e054-4e53-992d-71b896bd97d5	TCGA-06-0152	TCGA-GBM	0861e08b-9aa1-41b6-8eb7-30fcec264249	TCGA-06-0152-10A	released	01	--	False
a5f4c2e9-02bc-4c73-b746-f8bae569b5c7	TCGA-06-0152-01A-02	f5bc5d97-e054-4e53-992d-71b896bd97d5	TCGA-06-0152	TCGA-GBM	1b8efa87-5057-48d9-be73-cfb1955a16bb	TCGA-06-0152-01A	released	02	--	False
6ffa2e82-b35c-44cb-ab41-56efaa0d3e90	TCGA-06-0152-02A-31-2189-20	f5bc5d97-e054-4e53-992d-71b896bd97d5	TCGA-06-0152	TCGA-GBM	1bf99d0e-ee8b-40a8-b279-db2f06a9b188	TCGA-06-0152-02A	released	31	--	False
54f22d3d-f242-45c7-bcf9-6145dc4ef51f	TCGA-06-0152-02A-01	f5bc5d97-e054-4e53-992d-71b896bd97d5	TCGA-06-0152	TCGA-GBM	1bf99d0e-ee8b-40a8-b279-db2f06a9b188	TCGA-06-0152-02A	released	01	117.0	False
9861650b-2340-4c4a-9fac-45e5e78aabc9	TCGA-06-0745-01A-01	386b629e-fab1-4033-b088-45d6eeb4a13e	TCGA-06-0745	TCGA-GBM	6eb5b7ff-1797-4c31-ab5b-6db2b2641c5b	TCGA-06-0745-01A	released	01	--	False
4f155004-c852-4881-9659-2267af2178f6	TCGA-06-0745-10A-01	386b629e-fab1-4033-b088-45d6eeb4a13e	TCGA-06-0745	TCGA-GBM	988f196c-121d-44ca-8749-1b8d66b28ef0	TCGA-06-0745-10A	released	01	--	False
650c3f91-d7b5-487d-bf38-e3f563d8dfa3	TCGA-27-1832-01A-21-1899-20	dd76930a-1678-4b70-9864-730534174d41	TCGA-27-1832	TCGA-GBM	addf1509-2862-4460-b4a4-e185db8a8148	TCGA-27-1832-01A	released	21	--	False
245a0c80-416e-46d2-a358-b88172918218	TCGA-27-1832-01A-01	dd76930a-1678-4b70-9864-730534174d41	TCGA-27-1832	TCGA-GBM	addf1509-2862-4460-b4a4-e185db8a8148	TCGA-27-1832-01A	released	01	106.0	False
e1d04bae-3337-4795-b77b-f273d771bc68	TCGA-27-1832-10A-01	dd76930a-1678-4b70-9864-730534174d41	TCGA-27-1832	TCGA-GBM	56802cdc-3cab-484f-9593-461405e26634	TCGA-27-1832-10A	released	01	--	False
30789e32-2ff1-47da-81cc-58c49f17a373	TCGA-28-5215-10A-01	c9e4f0bf-48fc-4600-9e03-314bc575273f	TCGA-28-5215	TCGA-GBM	c637ef00-1140-435c-92ff-7b2a123cfaf9	TCGA-28-5215-10A	released	01	--	False
f67a1cf9-3dad-4554-be3c-34f4f5b934b1	TCGA-28-5215-01A-01	c9e4f0bf-48fc-4600-9e03-314bc575273f	TCGA-28-5215	TCGA-GBM	5739bcd5-23b4-4a94-94e0-0ca261179f85	TCGA-28-5215-01A	released	01	57.0	False
76b8836e-653e-4325-b2ac-00aeedfc4f81	TCGA-19-2620-10A-01	352768f9-3ce1-419c-beef-6515c78f5d7a	TCGA-19-2620	TCGA-GBM	94c13adc-d315-44a8-836e-800c98106b7d	TCGA-19-2620-10A	released	01	--	False
35947fba-c433-49f1-b859-c143525c0936	TCGA-19-2620-01A-01	352768f9-3ce1-419c-beef-6515c78f5d7a	TCGA-19-2620	TCGA-GBM	2ed6bbb4-c2fb-42bf-a0b6-8687a73b3b7b	TCGA-19-2620-01A	released	01	150.0	False
3b9ba5c7-c29d-4eb4-a204-38f3c14e4ee2	TCGA-19-2620-01A-03-1900-20	352768f9-3ce1-419c-beef-6515c78f5d7a	TCGA-19-2620	TCGA-GBM	2ed6bbb4-c2fb-42bf-a0b6-8687a73b3b7b	TCGA-19-2620-01A	released	03	--	False
528f0548-9dbf-4763-8bd0-cfdd80e21dc2	TCGA-14-1034-01A-01	0078b0c4-68a9-483b-9aab-61156d263213	TCGA-14-1034	TCGA-GBM	f2ffa9ff-86d6-41ef-92e7-7f87e981985b	TCGA-14-1034-01A	released	01	--	False
f4ed60f0-1534-4ec8-8df7-f4b8728423c4	TCGA-14-1034-10A-01	0078b0c4-68a9-483b-9aab-61156d263213	TCGA-14-1034	TCGA-GBM	39f42f29-d669-446a-83c1-79591c3e11ab	TCGA-14-1034-10A	released	01	--	False
e233f309-922d-473c-8aae-bf1c73b1e88c	TCGA-14-1034-02B-21-2189-20	0078b0c4-68a9-483b-9aab-61156d263213	TCGA-14-1034	TCGA-GBM	afd6abee-dd83-4b1a-b66f-8fd50190287b	TCGA-14-1034-02B	released	21	--	False
17abeae2-1116-4ebf-bfed-23dfc701ee16	TCGA-14-1034-02B-01	0078b0c4-68a9-483b-9aab-61156d263213	TCGA-14-1034	TCGA-GBM	afd6abee-dd83-4b1a-b66f-8fd50190287b	TCGA-14-1034-02B	released	01	135.0	False
dc2b1b2a-b801-475c-90a7-452c6373e419	TCGA-06-5417-01A-21-1899-20	74ce7e7f-e214-4b6e-8551-114a153ab7fb	TCGA-06-5417	TCGA-GBM	389b8cab-a244-4fd5-9fcd-1dd6fff3864c	TCGA-06-5417-01A	released	21	--	False
af210586-bd0a-4d35-9611-b0d63630c006	TCGA-06-5417-01A-01	74ce7e7f-e214-4b6e-8551-114a153ab7fb	TCGA-06-5417	TCGA-GBM	389b8cab-a244-4fd5-9fcd-1dd6fff3864c	TCGA-06-5417-01A	released	01	133.0	False
14d1c4f5-21cd-4206-9133-38b58e72445c	TCGA-06-5417-10A-01	74ce7e7f-e214-4b6e-8551-114a153ab7fb	TCGA-06-5417	TCGA-GBM	79f46ec0-cfbc-48d2-8ccd-de994ad32773	TCGA-06-5417-10A	released	01	--	False
20a514f5-0277-4a26-a511-f035471c8a8c	TCGA-06-0649-01B-01	66f3c936-272e-4a1e-8567-f609af411329	TCGA-06-0649	TCGA-GBM	09a0a6b2-8858-42ed-897f-7526097c24fe	TCGA-06-0649-01B	released	01	--	False
43e8fb00-75c2-4456-ad41-76dcca6cd955	TCGA-06-0649-10A-01	66f3c936-272e-4a1e-8567-f609af411329	TCGA-06-0649	TCGA-GBM	d3f1bfc3-6d6c-4443-ae80-5a9ca7ccdb0c	TCGA-06-0649-10A	released	01	--	False
a246a719-9500-4529-9206-011adec7519a	TCGA-26-5134-10A-01	20bad0d5-3135-49a4-a119-fa7a1e56fd1b	TCGA-26-5134	TCGA-GBM	3152c10e-b111-430f-81b2-e3782903ebdb	TCGA-26-5134-10A	released	01	--	False
6d590612-45ff-483a-9c67-95bf267ca128	TCGA-26-5134-01A-01	20bad0d5-3135-49a4-a119-fa7a1e56fd1b	TCGA-26-5134	TCGA-GBM	affa4b4c-8857-43d2-a969-9efdd1dd3137	TCGA-26-5134-01A	released	01	148.0	False
9f920614-c96a-4335-bbbd-e4a7b97a4136	TCGA-26-5134-01A-21-1899-20	20bad0d5-3135-49a4-a119-fa7a1e56fd1b	TCGA-26-5134	TCGA-GBM	affa4b4c-8857-43d2-a969-9efdd1dd3137	TCGA-26-5134-01A	released	21	--	False
9a5ffaf2-bd94-4cf5-8327-3a038a6634d8	TCGA-14-1402-01A-01	bf339349-062f-4ea9-a0b2-d87d3a21099e	TCGA-14-1402	TCGA-GBM	90a6db9d-669e-4507-a0b9-b1c5d8f5bf4d	TCGA-14-1402-01A	released	01	125.0	False
0770dda2-72d0-4cc6-924a-137b7afa4020	TCGA-14-1402-10A-01	bf339349-062f-4ea9-a0b2-d87d3a21099e	TCGA-14-1402	TCGA-GBM	5fda351b-dfa5-4dbb-825a-8a7ec84ecaed	TCGA-14-1402-10A	released	01	--	False
47feb1d9-2ed9-4ae2-aa40-390240d1cf50	TCGA-14-1402-02A-01	bf339349-062f-4ea9-a0b2-d87d3a21099e	TCGA-14-1402	TCGA-GBM	6d24954c-83bd-4cb3-a771-41025eea0999	TCGA-14-1402-02A	released	01	147.0	False
e3afc8a6-e27e-40d8-b72a-5978eba729e9	TCGA-14-1825-10A-01	e0e1b5b3-6e3c-4b79-aa2a-32b320c3e45a	TCGA-14-1825	TCGA-GBM	36b3c813-f7e7-4a72-b64f-efa89cce7907	TCGA-14-1825-10A	released	01	--	False
0a487ca9-70d9-4893-a113-adf0ec5ef8dd	TCGA-14-1825-01A-01	e0e1b5b3-6e3c-4b79-aa2a-32b320c3e45a	TCGA-14-1825	TCGA-GBM	42939615-b7f6-4c29-bc6c-b4521e188031	TCGA-14-1825-01A	released	01	104.0	False
ebfb845d-403f-43e1-a14c-cfe8910eea14	TCGA-41-3915-01A-01	43d98306-8b1f-4840-a1a0-146ba0c36400	TCGA-41-3915	TCGA-GBM	3fbaa7d3-36ec-4c34-96a7-d85107394ac9	TCGA-41-3915-01A	released	01	125.0	False
34ab865a-8fe5-47a3-ae8f-476470f04944	TCGA-41-3915-01A-22-1899-20	43d98306-8b1f-4840-a1a0-146ba0c36400	TCGA-41-3915	TCGA-GBM	3fbaa7d3-36ec-4c34-96a7-d85107394ac9	TCGA-41-3915-01A	released	22	--	False
9c7dc674-7189-4d75-b56d-a7c5f9c6a4d8	TCGA-41-3915-10A-01	43d98306-8b1f-4840-a1a0-146ba0c36400	TCGA-41-3915	TCGA-GBM	d5bc1d7e-38d2-4566-a619-8faa38e6f063	TCGA-41-3915-10A	released	01	--	False
e24c9ab2-76a7-4ee2-9504-3bd6531dc8d2	TCGA-06-2558-01A-22-1899-20	cf286533-5c8a-40f3-9c69-f46264c7893b	TCGA-06-2558	TCGA-GBM	ecd4f0d6-d234-48af-ae79-7411cc88e0aa	TCGA-06-2558-01A	released	22	--	False
4ac283dc-9171-4c98-8944-114b7be4706e	TCGA-06-2558-01A-01	cf286533-5c8a-40f3-9c69-f46264c7893b	TCGA-06-2558	TCGA-GBM	ecd4f0d6-d234-48af-ae79-7411cc88e0aa	TCGA-06-2558-01A	released	01	163.0	False
8a08e532-e04f-4a66-86a1-92bf29a253ca	TCGA-06-2558-10A-01	cf286533-5c8a-40f3-9c69-f46264c7893b	TCGA-06-2558	TCGA-GBM	f14181c0-6391-408b-b762-72b998d6aabc	TCGA-06-2558-10A	released	01	--	False
05b4cdcd-3059-476c-ba63-0f09b688460a	TCGA-26-5139-10A-01	d73ca945-b60b-4b5c-ac53-7ef2602a4951	TCGA-26-5139	TCGA-GBM	e79f78b5-0693-4d8a-8127-626be4e652b1	TCGA-26-5139-10A	released	01	--	False
04092f1c-922d-4f6b-8089-6ff499f31ddc	TCGA-26-5139-01A-01	d73ca945-b60b-4b5c-ac53-7ef2602a4951	TCGA-26-5139	TCGA-GBM	f7242a9c-0e2c-453b-bce1-78a3bc169d6b	TCGA-26-5139-01A	released	01	111.0	False
91d1a361-321b-4fb6-be82-42d2e8b304bf	TCGA-06-0132-01A-02	9ad6c241-ccc5-4532-a6ac-098271b13b5f	TCGA-06-0132	TCGA-GBM	d495c228-2beb-4813-abd6-b5b089c01eba	TCGA-06-0132-01A	released	02	199.0	False
78a0df8b-b388-4bfc-851c-9dcbd608f8ed	TCGA-06-0132-10A-01	9ad6c241-ccc5-4532-a6ac-098271b13b5f	TCGA-06-0132	TCGA-GBM	0089dd83-4062-49f2-8cdd-4211dbe35bcf	TCGA-06-0132-10A	released	01	--	False
78e0c0e0-dbee-46b1-81ab-939cc5a5361b	TCGA-76-4926-01B-01	8df94420-c736-4a36-b001-5dbe3dff17f0	TCGA-76-4926	TCGA-GBM	0a1b6e29-260d-42d1-b67b-69b9de53a3ff	TCGA-76-4926-01B	released	01	113.0	False
037eb625-e586-44f1-b3e3-3e9db219d6ef	TCGA-76-4926-01B-22-1899-20	8df94420-c736-4a36-b001-5dbe3dff17f0	TCGA-76-4926	TCGA-GBM	0a1b6e29-260d-42d1-b67b-69b9de53a3ff	TCGA-76-4926-01B	released	22	--	False
e1a21cd5-1de8-4bd8-bd59-db6887a39d9e	TCGA-76-4926-10A-01	8df94420-c736-4a36-b001-5dbe3dff17f0	TCGA-76-4926	TCGA-GBM	fa55c956-12d1-4430-a91e-a4ee7f21513f	TCGA-76-4926-10A	released	01	--	False
23fc7420-deea-4002-9a75-3f492a253207	TCGA-41-5651-01A-01	c184c3ca-7ad3-4202-b108-cb9fd5f5d947	TCGA-41-5651	TCGA-GBM	90f74516-fb74-4d3f-9d73-5d2bee2ed381	TCGA-41-5651-01A	released	01	69.0	False
0af04035-e7c0-4f53-9a17-f01a79061fcf	TCGA-41-5651-01A-21-1899-20	c184c3ca-7ad3-4202-b108-cb9fd5f5d947	TCGA-41-5651	TCGA-GBM	90f74516-fb74-4d3f-9d73-5d2bee2ed381	TCGA-41-5651-01A	released	21	--	False
3c40f064-3f45-47ae-9ca5-1fc062f3c9f3	TCGA-41-5651-10A-01	c184c3ca-7ad3-4202-b108-cb9fd5f5d947	TCGA-41-5651	TCGA-GBM	1aa635e0-959f-49dd-b8d1-eb294648830e	TCGA-41-5651-10A	released	01	--	False
b11cfd72-6ad4-4343-b10e-dc73bf07955d	TCGA-06-5418-01A-01	51c3409d-5df7-4720-83db-0e6de065f82c	TCGA-06-5418	TCGA-GBM	54c53f07-1492-49b6-83c9-bd12c86f95a8	TCGA-06-5418-01A	released	01	140.0	False
b94854d7-8049-4917-9082-2ed04aea155d	TCGA-06-5418-01A-21-1899-20	51c3409d-5df7-4720-83db-0e6de065f82c	TCGA-06-5418	TCGA-GBM	54c53f07-1492-49b6-83c9-bd12c86f95a8	TCGA-06-5418-01A	released	21	--	False
50a8e643-f3a8-4238-91ff-aa4bb4ca6448	TCGA-06-5418-10A-01	51c3409d-5df7-4720-83db-0e6de065f82c	TCGA-06-5418	TCGA-GBM	ff0bc318-7af8-4f46-9706-72e22c373795	TCGA-06-5418-10A	released	01	--	False
95ff9279-102f-403c-b654-7e7b07759b45	TCGA-06-0158-01A-01	bc316a17-9d73-4ef3-97e9-c4ac5516b75a	TCGA-06-0158	TCGA-GBM	7606e925-5bca-45b3-b528-dab338cc43de	TCGA-06-0158-01A	released	01	--	False
715ce98f-ebc2-4c2d-a50c-7c4194d347d7	TCGA-06-0158-10A-01	bc316a17-9d73-4ef3-97e9-c4ac5516b75a	TCGA-06-0158	TCGA-GBM	0c7ff144-1ffd-42bc-a587-ce232b53b991	TCGA-06-0158-10A	released	01	--	False
cea0db6f-53bf-42b7-9347-29a1a62e7ecf	TCGA-14-0736-01A-01	cdfcf14d-ed6c-419f-88f5-e7dee96fcaf6	TCGA-14-0736	TCGA-GBM	7b3d544a-136b-4825-86d2-b369941aaa4a	TCGA-14-0736-01A	released	01	122.0	False
19b48db7-f94e-4f74-9a91-c258a54c3a0b	TCGA-14-0736-10C-01	cdfcf14d-ed6c-419f-88f5-e7dee96fcaf6	TCGA-14-0736	TCGA-GBM	849ac622-ce61-4005-a9b0-36ce4f0ec94e	TCGA-14-0736-10C	released	01	--	False
6131110b-876a-4ff3-b5b6-c68d64d2475c	TCGA-14-0736-02A-01	cdfcf14d-ed6c-419f-88f5-e7dee96fcaf6	TCGA-14-0736	TCGA-GBM	c0926a99-c67b-4793-b731-8fdc3eef96eb	TCGA-14-0736-02A	released	01	117.0	False
269ae6d5-648c-4854-aa50-207345e3a075	TCGA-14-0736-02A-21-2189-20	cdfcf14d-ed6c-419f-88f5-e7dee96fcaf6	TCGA-14-0736	TCGA-GBM	c0926a99-c67b-4793-b731-8fdc3eef96eb	TCGA-14-0736-02A	released	21	--	False
ed2c63c0-bb56-4077-9472-09301fb99dbb	TCGA-12-3650-01A-22-1899-20	5ef9486a-aeff-421d-b620-03ef119d85a5	TCGA-12-3650	TCGA-GBM	7701303e-eec6-4cb4-bc98-9d2cd7d49c14	TCGA-12-3650-01A	released	22	--	False
6eb08d34-c4a6-4e11-9369-440bf6869c67	TCGA-12-3650-01A-01	5ef9486a-aeff-421d-b620-03ef119d85a5	TCGA-12-3650	TCGA-GBM	7701303e-eec6-4cb4-bc98-9d2cd7d49c14	TCGA-12-3650-01A	released	01	142.0	False
54472024-77d1-41da-a07b-77b191e1bb63	TCGA-12-3650-10A-01	5ef9486a-aeff-421d-b620-03ef119d85a5	TCGA-12-3650	TCGA-GBM	cb59d0b3-c8b7-4712-b521-b464176d1ba6	TCGA-12-3650-10A	released	01	--	False
29e067d5-14ad-4240-b37c-123c1c6208d9	TCGA-27-1835-10A-01	987cb702-057b-4198-8ef3-9cf6a9c51989	TCGA-27-1835	TCGA-GBM	e6ef14d5-f260-4183-bccc-659c03a6db29	TCGA-27-1835-10A	released	01	--	False
06f7fb58-71ea-4706-a84a-2c52e79adb19	TCGA-27-1835-01A-01	987cb702-057b-4198-8ef3-9cf6a9c51989	TCGA-27-1835	TCGA-GBM	ff4195cc-e15c-4e9d-9caa-f74d7f0681d9	TCGA-27-1835-01A	released	01	70.0	False
da70ca92-2c16-47cc-8744-92481fc50de7	TCGA-06-0882-01A-01	2188c194-dfe4-4471-9b8b-050db1a1062c	TCGA-06-0882	TCGA-GBM	ad7bb206-4bad-4d3e-9db4-c76514398ec9	TCGA-06-0882-01A	released	01	161.0	False
221cede5-2c8c-4a8f-a3cb-a0cfe1ce8d3b	TCGA-06-0882-01A-21-1898-20	2188c194-dfe4-4471-9b8b-050db1a1062c	TCGA-06-0882	TCGA-GBM	ad7bb206-4bad-4d3e-9db4-c76514398ec9	TCGA-06-0882-01A	released	21	--	False
5478ca81-6968-4257-b591-ae20aa27451e	TCGA-06-0882-10A-01	2188c194-dfe4-4471-9b8b-050db1a1062c	TCGA-06-0882	TCGA-GBM	ccb9f73b-5369-43c5-af18-7500701f70cf	TCGA-06-0882-10A	released	01	--	False
66fd48d5-dcab-406e-a8c5-101a7f383b44	TCGA-19-1389-02A-21	309005a2-93a8-4566-b8d3-6b9310144266	TCGA-19-1389	TCGA-GBM	2ffc8824-9340-4d4a-b9da-9ea56d766cde	TCGA-19-1389-02A	released	21	31.0	False
46546d0c-c68d-4896-874d-a43c73367b03	TCGA-19-1389-02A-13-2189-20	309005a2-93a8-4566-b8d3-6b9310144266	TCGA-19-1389	TCGA-GBM	2ffc8824-9340-4d4a-b9da-9ea56d766cde	TCGA-19-1389-02A	released	13	--	False
6832bba5-dede-42e0-a4af-76156ddab09e	TCGA-19-1389-10D-01	309005a2-93a8-4566-b8d3-6b9310144266	TCGA-19-1389	TCGA-GBM	4b511d1f-f753-4d9b-b47b-fca98b8d3e03	TCGA-19-1389-10D	released	01	--	False
df06dd30-a8fe-4ab8-9cb7-916a45292028	TCGA-19-1389-01A-01	309005a2-93a8-4566-b8d3-6b9310144266	TCGA-19-1389	TCGA-GBM	a20eb141-2f2c-44e4-bbc2-5bc9f58f5644	TCGA-19-1389-01A	released	01	119.0	False
9dd52428-ff30-4243-867d-03c0a5ac544c	TCGA-19-1389-01A-21-1898-20	309005a2-93a8-4566-b8d3-6b9310144266	TCGA-19-1389	TCGA-GBM	a20eb141-2f2c-44e4-bbc2-5bc9f58f5644	TCGA-19-1389-01A	released	21	--	False
afe7f191-3575-4a90-899e-091ae0bcd77f	TCGA-19-1389-10C-01	309005a2-93a8-4566-b8d3-6b9310144266	TCGA-19-1389	TCGA-GBM	ee948c11-6b8c-49cb-84c7-7c499d6a00ea	TCGA-19-1389-10C	released	01	--	False
b9a7bfd5-0642-48b5-aee2-cd4eee8880d8	TCGA-19-0957-01C-01	a589e2dc-7649-492c-9569-592698acaa6f	TCGA-19-0957	TCGA-GBM	7e60ae30-8cb7-4bb7-8ef6-11368fa453a8	TCGA-19-0957-01C	released	01	117.0	False
616b8910-4664-479e-b880-f012db8f0198	TCGA-19-0957-01C-21-1898-20	a589e2dc-7649-492c-9569-592698acaa6f	TCGA-19-0957	TCGA-GBM	7e60ae30-8cb7-4bb7-8ef6-11368fa453a8	TCGA-19-0957-01C	released	21	--	False
d235d176-6fc8-4a30-8a84-ba5e2aca9288	TCGA-19-0957-10A-01	a589e2dc-7649-492c-9569-592698acaa6f	TCGA-19-0957	TCGA-GBM	32c85f4f-340e-45ee-8bc8-3b6af5f172e8	TCGA-19-0957-10A	released	01	--	False
a1cfc043-d951-4e28-bffc-d9e6fed18dea	TCGA-19-0957-10B-01	a589e2dc-7649-492c-9569-592698acaa6f	TCGA-19-0957	TCGA-GBM	b48285a2-9d65-4c6e-ac58-555f87d5a9d2	TCGA-19-0957-10B	released	01	--	False
962b6e59-32b5-46d1-81c7-16100a5b8fa7	TCGA-19-0957-02A-23-2189-20	a589e2dc-7649-492c-9569-592698acaa6f	TCGA-19-0957	TCGA-GBM	4f49dbb4-c734-432e-8952-6c2daad9545b	TCGA-19-0957-02A	released	23	--	False
6d11db1d-9dd6-4ac5-a421-4b79d0fa3e88	TCGA-19-0957-02A-11	a589e2dc-7649-492c-9569-592698acaa6f	TCGA-19-0957	TCGA-GBM	4f49dbb4-c734-432e-8952-6c2daad9545b	TCGA-19-0957-02A	released	11	31.0	False
ba428b59-7289-4d60-b69d-6ec1f7fa504c	TCGA-27-2523-01A-01	737b35e1-d668-4fce-9b6e-76946c7952b6	TCGA-27-2523	TCGA-GBM	96881d37-7a3e-4910-b897-19453118fe7c	TCGA-27-2523-01A	released	01	129.0	False
d0bd400f-f86b-4b55-8d66-ede06f569837	TCGA-27-2523-10A-01	737b35e1-d668-4fce-9b6e-76946c7952b6	TCGA-27-2523	TCGA-GBM	7d0db5ed-70bf-4dfe-9357-1501a96addc4	TCGA-27-2523-10A	released	01	--	False
4e7b4180-bae6-4985-a97e-82040c9d0185	TCGA-14-0789-01A-01	7cbabf1d-ec38-4048-ae1c-7d0f3001691b	TCGA-14-0789	TCGA-GBM	0c1deaff-f69f-4f26-802f-a0bbfbe015e2	TCGA-14-0789-01A	released	01	--	False
5ef98ac9-9cc8-4ca5-b73c-b4bad270315d	TCGA-14-0789-10A-01	7cbabf1d-ec38-4048-ae1c-7d0f3001691b	TCGA-14-0789	TCGA-GBM	c7ff98dd-40a6-4607-bf8a-23322279af51	TCGA-14-0789-10A	released	01	--	False
e4339f31-1350-433f-ab85-3257b0385d07	TCGA-15-0742-01A-01	f19850cb-50c4-4f3a-ba80-b1464958ffa8	TCGA-15-0742	TCGA-GBM	fd8a47fe-13c9-4dbb-bd15-f37f59c05333	TCGA-15-0742-01A	released	01	--	False
01272766-03bd-4481-816f-f04b39ccd3cb	TCGA-15-0742-10A-01	f19850cb-50c4-4f3a-ba80-b1464958ffa8	TCGA-15-0742	TCGA-GBM	9e7209c2-e11b-4c7b-b520-81d21275a888	TCGA-15-0742-10A	released	01	--	False
d99512f6-6486-4976-be8c-2cda121a7c6c	TCGA-28-2514-10A-01	350232cb-b9ba-465b-be9a-81afbc6a92e9	TCGA-28-2514	TCGA-GBM	6fd8a751-9960-4dfc-bd60-4440bf9fa60b	TCGA-28-2514-10A	released	01	--	False
402f4bb7-0726-4a35-a6ed-6125df5de2ec	TCGA-28-2514-01A-02	350232cb-b9ba-465b-be9a-81afbc6a92e9	TCGA-28-2514	TCGA-GBM	2d31a71d-beb3-4238-8f74-e32454843c53	TCGA-28-2514-01A	released	02	143.0	False
065f5fe1-6fdc-4ee6-9faa-3db372a9f8fe	TCGA-06-0221-02A-12-2189-20	054f472f-98cb-4559-b2e2-b5f800fc8eef	TCGA-06-0221	TCGA-GBM	a1a8520b-8aad-4cfc-a1ac-9ba874ba348a	TCGA-06-0221-02A	released	12	--	False
18d38587-14cc-4db2-9443-7dddf723d092	TCGA-06-0221-02A-11	054f472f-98cb-4559-b2e2-b5f800fc8eef	TCGA-06-0221	TCGA-GBM	a1a8520b-8aad-4cfc-a1ac-9ba874ba348a	TCGA-06-0221-02A	released	11	41.0	False
4dad21c3-f1d2-47c8-8752-3852cc5a48fe	TCGA-06-0221-01A-01	054f472f-98cb-4559-b2e2-b5f800fc8eef	TCGA-06-0221	TCGA-GBM	6e8d83f2-70bf-44f0-bd64-64d9dfe26f02	TCGA-06-0221-01A	released	01	--	False
19ed7951-5a31-49cf-8477-24caadf8315f	TCGA-06-0221-10A-01	054f472f-98cb-4559-b2e2-b5f800fc8eef	TCGA-06-0221	TCGA-GBM	0244faa4-54df-47c7-b53b-6cccdeb8ae9f	TCGA-06-0221-10A	released	01	--	False
808694a8-f3d5-4b54-9535-b0074e0551ee	TCGA-28-5218-01A-01	d558203d-3f70-42d4-accb-008ace280f48	TCGA-28-5218	TCGA-GBM	bcb4ad58-a268-4232-a3f7-b105c6ccd846	TCGA-28-5218-01A	released	01	68.0	False
d91e3c27-34a3-4430-9ab1-053e2629cba0	TCGA-28-5218-10A-01	d558203d-3f70-42d4-accb-008ace280f48	TCGA-28-5218	TCGA-GBM	9d098f6b-05b2-44b9-9bea-eb22b763b260	TCGA-28-5218-10A	released	01	--	False
fb3f77d5-cd5e-43e9-bd3e-d12739e4dca4	TCGA-06-2570-10A-01	b37d944c-c65c-46d6-bb8b-3eb37cb85b68	TCGA-06-2570	TCGA-GBM	e36e3bf5-c133-4297-accc-80c05c7f0ab3	TCGA-06-2570-10A	released	01	--	False
600de577-851e-4fc8-82ae-5dea84ae5dc2	TCGA-06-2570-01A-22-1899-20	b37d944c-c65c-46d6-bb8b-3eb37cb85b68	TCGA-06-2570	TCGA-GBM	42200dbc-8248-461d-bf90-5386360213a9	TCGA-06-2570-01A	released	22	--	False
8a47392f-b8d7-477c-8930-329a77caf905	TCGA-06-2570-01A-01	b37d944c-c65c-46d6-bb8b-3eb37cb85b68	TCGA-06-2570	TCGA-GBM	42200dbc-8248-461d-bf90-5386360213a9	TCGA-06-2570-01A	released	01	144.0	False
ea94e86e-ff1d-418f-9108-0a4ff619b696	TCGA-28-5216-01A-01	c2f7f72f-13ae-4efc-9cda-69ca037b4498	TCGA-28-5216	TCGA-GBM	dd3c3ff2-541d-4717-9876-b20664d8b2df	TCGA-28-5216-01A	released	01	96.0	False
304b9c21-fb35-4505-87f9-b5818861113f	TCGA-28-5216-10A-01	c2f7f72f-13ae-4efc-9cda-69ca037b4498	TCGA-28-5216	TCGA-GBM	42af8acc-7529-490a-b491-46abba92e069	TCGA-28-5216-10A	released	01	--	False
3cbe6427-a4c0-467e-b290-538185a42020	TCGA-12-1597-01B-01	2b82e941-1b16-444e-af41-24dbc0a7e8b5	TCGA-12-1597	TCGA-GBM	496b5fda-b5bf-4997-9569-33fd6ae0e78c	TCGA-12-1597-01B	released	01	166.0	False
7e55da41-a765-453f-af47-dc2175559916	TCGA-12-1597-01B-21-1898-20	2b82e941-1b16-444e-af41-24dbc0a7e8b5	TCGA-12-1597	TCGA-GBM	496b5fda-b5bf-4997-9569-33fd6ae0e78c	TCGA-12-1597-01B	released	21	--	False
09765858-81bc-4003-a085-9bc237bd52c4	TCGA-12-1597-10A-01	2b82e941-1b16-444e-af41-24dbc0a7e8b5	TCGA-12-1597	TCGA-GBM	f0fe4568-bcd6-4b6c-9f78-95503ddc672f	TCGA-12-1597-10A	released	01	--	False
d4b1debb-4992-4334-be6d-8e1650328aa6	TCGA-06-5414-10A-01	7a650a2c-bc3f-4e0c-820e-4f492977107b	TCGA-06-5414	TCGA-GBM	8fa8bf61-b194-49bf-9b26-03402d0c2924	TCGA-06-5414-10A	released	01	--	False
4a0b85d9-120e-4db2-934b-f74268d95ea8	TCGA-06-5414-01A-01	7a650a2c-bc3f-4e0c-820e-4f492977107b	TCGA-06-5414	TCGA-GBM	61eb01aa-45c2-4973-97c2-aadaf498771a	TCGA-06-5414-01A	released	01	122.0	False
1160c00e-509b-442a-bdc7-e80122ade8c3	TCGA-06-5414-01A-21-1899-20	7a650a2c-bc3f-4e0c-820e-4f492977107b	TCGA-06-5414	TCGA-GBM	61eb01aa-45c2-4973-97c2-aadaf498771a	TCGA-06-5414-01A	released	21	--	False
f7266695-a402-41eb-8782-5f947eb01997	TCGA-19-5960-01A-11	93ed7a2b-b0cb-4a84-871f-5c34a0b6a640	TCGA-19-5960	TCGA-GBM	86c6a232-f5ab-47cd-b91b-4cad6aa1d0f1	TCGA-19-5960-01A	released	11	34.0	False
f57d1168-8031-4b12-9e63-b867a2961a2f	TCGA-19-5960-01A-13-1900-20	93ed7a2b-b0cb-4a84-871f-5c34a0b6a640	TCGA-19-5960	TCGA-GBM	86c6a232-f5ab-47cd-b91b-4cad6aa1d0f1	TCGA-19-5960-01A	released	13	--	False
0f54160b-c8ad-459b-8535-59c98c47321c	TCGA-19-5960-10A-01	93ed7a2b-b0cb-4a84-871f-5c34a0b6a640	TCGA-19-5960	TCGA-GBM	ceca084d-ede6-467c-b0b6-a3224dcda5e5	TCGA-19-5960-10A	released	01	--	False
75406fea-17a7-4b0f-bd5f-e17bac8b1a61	TCGA-06-0184-10B-01	1f48f010-98fe-4b5a-b96a-14fb25eff23f	TCGA-06-0184	TCGA-GBM	001a9bb8-8a78-440c-bcc2-02c6058b1c6d	TCGA-06-0184-10B	released	01	--	False
af1a25b6-3766-4d1d-af94-a5a02fbb4024	TCGA-06-0184-01A-01	1f48f010-98fe-4b5a-b96a-14fb25eff23f	TCGA-06-0184	TCGA-GBM	cba96ed9-c028-401e-8a8f-909513c8c215	TCGA-06-0184-01A	released	01	--	False
a6b76613-6fd8-4f46-aeaa-01c363206647	TCGA-12-0616-01A-01	edcfac32-adb4-4fe7-86a0-309d3c6430e5	TCGA-12-0616	TCGA-GBM	df94e750-c66a-45ed-ad6c-5d690a216575	TCGA-12-0616-01A	released	01	154.0	False
74d0ffd2-6fe1-4b4e-ae6f-d9b1a662138c	TCGA-12-0616-10A-01	edcfac32-adb4-4fe7-86a0-309d3c6430e5	TCGA-12-0616	TCGA-GBM	59acb2c9-a4ec-42ef-8bea-7b7d14b47bc4	TCGA-12-0616-10A	released	01	--	False
9bf40610-3d03-4d8e-a56a-4766cfcbf687	TCGA-06-0219-01A-01	25f41de3-9d70-45df-913f-4fb3e5f0f7d6	TCGA-06-0219	TCGA-GBM	777d18d4-9cf8-4e39-84f9-8dfe59aa568c	TCGA-06-0219-01A	released	01	--	False
1af864f4-4846-43a0-86ba-5c120eed107a	TCGA-06-0219-10A-01	25f41de3-9d70-45df-913f-4fb3e5f0f7d6	TCGA-06-0219	TCGA-GBM	53e38a2f-7f25-411e-a3f4-e50d6e348b69	TCGA-06-0219-10A	released	01	--	False
d9ca1767-bea0-45c1-ab20-a374558ab485	TCGA-02-0047-01A-01	3caf009f-d9e0-4c57-b1d9-8eb59fc833bd	TCGA-02-0047	TCGA-GBM	9e5f2355-b872-4b5a-94f1-6eef49bb73de	TCGA-02-0047-01A	released	01	--	False
786f1d09-afb6-43d1-9f70-66d9efdd3d78	TCGA-02-0047-10A-01	3caf009f-d9e0-4c57-b1d9-8eb59fc833bd	TCGA-02-0047	TCGA-GBM	37d66e93-e501-4f20-9153-5884f971ba85	TCGA-02-0047-10A	released	01	--	False
535d6439-be95-4634-a88f-9277c9647810	TCGA-06-0190-02A-31-2189-20	74139255-a635-4c87-814d-3dd04ed630a8	TCGA-06-0190	TCGA-GBM	0f0d0c43-9987-4b4c-8686-9b4c89a27c57	TCGA-06-0190-02A	released	31	--	False
adebe23e-5d50-46d2-a129-995ff79b6955	TCGA-06-0190-02A-01	74139255-a635-4c87-814d-3dd04ed630a8	TCGA-06-0190	TCGA-GBM	0f0d0c43-9987-4b4c-8686-9b4c89a27c57	TCGA-06-0190-02A	released	01	134.0	False
7791eac4-ac36-4106-ad44-7983dd35bfdc	TCGA-06-0190-01A-21-2214-20	74139255-a635-4c87-814d-3dd04ed630a8	TCGA-06-0190	TCGA-GBM	5e92a5d5-77a4-401a-ade3-e01c95302ec0	TCGA-06-0190-01A	released	21	--	False
c3a585a9-7c15-44d2-8ba4-066263c71ad4	TCGA-06-0190-01A-01	74139255-a635-4c87-814d-3dd04ed630a8	TCGA-06-0190	TCGA-GBM	5e92a5d5-77a4-401a-ade3-e01c95302ec0	TCGA-06-0190-01A	released	01	--	False
9f072f71-4a58-4c16-93f1-6981e9b31443	TCGA-06-0190-10B-01	74139255-a635-4c87-814d-3dd04ed630a8	TCGA-06-0190	TCGA-GBM	5e4f6c38-9b1f-4406-8bf3-8b3fa6d3399f	TCGA-06-0190-10B	released	01	--	False
4a480d45-5bb0-4950-afe1-c2f6bfcf0013	TCGA-06-2559-10A-01	ca893d12-3d6c-4e6f-b0e7-7f4eb8bb724b	TCGA-06-2559	TCGA-GBM	b4c8b106-aad1-4eae-85fa-b3a433d6d4fc	TCGA-06-2559-10A	released	01	--	False
0984ae2d-a52a-4301-84bd-1555dc430552	TCGA-06-2559-01A-01	ca893d12-3d6c-4e6f-b0e7-7f4eb8bb724b	TCGA-06-2559	TCGA-GBM	8e4c4c4d-6bb4-407a-923f-5ec50618306e	TCGA-06-2559-01A	released	01	148.0	False
39e3cdd1-1b6e-43a9-a6c9-857f4d764d37	TCGA-06-2559-01A-22-1899-20	ca893d12-3d6c-4e6f-b0e7-7f4eb8bb724b	TCGA-06-2559	TCGA-GBM	8e4c4c4d-6bb4-407a-923f-5ec50618306e	TCGA-06-2559-01A	released	22	--	False
f6990981-9cdc-4366-b879-f45cd4e79d1a	TCGA-12-0618-10A-01	f7ba48c8-46cf-40a9-8826-7e1f67d57171	TCGA-12-0618	TCGA-GBM	1332ed7d-c4b0-4a61-837e-c96d0a9d74ee	TCGA-12-0618-10A	released	01	--	False
bc2d13bc-9349-4571-8341-2479516daec9	TCGA-12-0618-01A-01	f7ba48c8-46cf-40a9-8826-7e1f67d57171	TCGA-12-0618	TCGA-GBM	fc917f09-f0b2-4d59-be8f-077e5aae9bb7	TCGA-12-0618-01A	released	01	--	False
e4b44325-e2ae-4d57-a7c1-7feab90f9cc6	TCGA-14-0790-10A-01	7fe37feb-e205-4524-8c98-1f9ac5fe0700	TCGA-14-0790	TCGA-GBM	784c3a60-9b01-41f8-b526-c00a4e177de5	TCGA-14-0790-10A	released	01	--	False
4c7fb38c-987e-4f77-8e57-528b853e3415	TCGA-14-0790-01B-01	7fe37feb-e205-4524-8c98-1f9ac5fe0700	TCGA-14-0790	TCGA-GBM	ffc7b95c-4d40-483b-8f9a-4afc17460890	TCGA-14-0790-01B	released	01	93.0	False
003d31d6-513b-45f8-a398-7fbad859a0f6	TCGA-12-5299-10A-01	5327e899-a20d-4571-8236-98454bad574e	TCGA-12-5299	TCGA-GBM	7f6a02bf-7ba5-4ef7-be58-02ab452ea7e8	TCGA-12-5299-10A	released	01	--	False
45239eee-8481-4bea-964e-849aee5aed20	TCGA-12-5299-01A-02	5327e899-a20d-4571-8236-98454bad574e	TCGA-12-5299	TCGA-GBM	0211d37e-20ef-421b-97cc-2ea27c688cc5	TCGA-12-5299-01A	released	02	123.0	False
7e14c74e-e8dc-487f-8fc5-afb93f3a5457	TCGA-19-2629-10A-01	e17a6048-7a72-42c0-ad3f-97cbff02bc9f	TCGA-19-2629	TCGA-GBM	2e71f2fc-5dbc-4d21-935b-c1a0e9294f5f	TCGA-19-2629-10A	released	01	--	False
1be70b75-e82b-4fa0-8ad6-5f5d6f0f229d	TCGA-19-2629-01A-01	e17a6048-7a72-42c0-ad3f-97cbff02bc9f	TCGA-19-2629	TCGA-GBM	b89a4d5d-ee24-4052-b454-b67169328737	TCGA-19-2629-01A	released	01	144.0	False
4a3372ee-d7a4-40a7-82d5-821eb8f627de	TCGA-06-0130-10A-01	7cada85b-00b1-41e5-9924-e09eb077ad56	TCGA-06-0130	TCGA-GBM	b3e9a998-5afb-4682-b5db-078403cfaa5e	TCGA-06-0130-10A	released	01	--	False
d3b16bdb-79d5-4101-a8b2-596545f70575	TCGA-06-0130-01A-03-1900-20	7cada85b-00b1-41e5-9924-e09eb077ad56	TCGA-06-0130	TCGA-GBM	9b29182f-4d9b-4809-85f4-4d5360c107a0	TCGA-06-0130-01A	released	03	--	False
4248efbb-e830-4871-bebd-6d9b79c9d537	TCGA-06-0130-01A-01	7cada85b-00b1-41e5-9924-e09eb077ad56	TCGA-06-0130	TCGA-GBM	9b29182f-4d9b-4809-85f4-4d5360c107a0	TCGA-06-0130-01A	released	01	100.0	False
a1f3fd35-cecf-420f-a050-6d94728f1201	TCGA-32-1980-01A-01	d59ffef5-f39b-4627-a7c7-6920b99c2408	TCGA-32-1980	TCGA-GBM	d1860805-70b6-4a0a-933b-4aa383aac8ee	TCGA-32-1980-01A	released	01	165.0	False
c74af7d7-c306-41ba-93ae-c552de1b46f1	TCGA-32-1980-10A-01	d59ffef5-f39b-4627-a7c7-6920b99c2408	TCGA-32-1980	TCGA-GBM	0905746b-59f2-4234-8d06-5c4b272a0005	TCGA-32-1980-10A	released	01	--	False
a9537862-cb39-4a43-b226-729ba8207ec3	TCGA-28-1753-01A-21-1898-20	b98184b9-6190-4e95-a1cf-8cffb44b9963	TCGA-28-1753	TCGA-GBM	3af335ea-a2e6-449d-8224-f6153ba95964	TCGA-28-1753-01A	released	21	--	False
7cf769b6-2b33-4c4d-90d5-33ad13ad456d	TCGA-28-1753-01A-01	b98184b9-6190-4e95-a1cf-8cffb44b9963	TCGA-28-1753	TCGA-GBM	3af335ea-a2e6-449d-8224-f6153ba95964	TCGA-28-1753-01A	released	01	108.0	False
ebe952f8-74d3-4d05-ab8d-e3f440ed3f05	TCGA-28-1753-10B-01	b98184b9-6190-4e95-a1cf-8cffb44b9963	TCGA-28-1753	TCGA-GBM	81b752b8-8a6a-4a41-a7b0-202844c0dc57	TCGA-28-1753-10B	released	01	--	False
fbc22938-1568-4456-be86-d1378d5c8c55	TCGA-06-2557-01A-01	6c28f086-6a25-40b6-93eb-bba0014acda6	TCGA-06-2557	TCGA-GBM	19521291-90a2-4865-9d3f-25973130d22e	TCGA-06-2557-01A	released	01	123.0	False
de113745-fe68-4a2f-8ffa-89ec2fd279c0	TCGA-06-2557-01A-22-1899-20	6c28f086-6a25-40b6-93eb-bba0014acda6	TCGA-06-2557	TCGA-GBM	19521291-90a2-4865-9d3f-25973130d22e	TCGA-06-2557-01A	released	22	--	False
e66e7299-2f43-4844-85cb-fd681f0b0bec	TCGA-06-2557-10A-01	6c28f086-6a25-40b6-93eb-bba0014acda6	TCGA-06-2557	TCGA-GBM	50452b8a-dc52-4f25-a9aa-bb1bc0bbeb75	TCGA-06-2557-10A	released	01	--	False
b73eb382-e1e9-4b13-b32b-bd749db51306	TCGA-06-0156-10A-01	15e058e8-2f33-4fb4-92af-3d9dea1fa906	TCGA-06-0156	TCGA-GBM	6c1b6573-c10d-4c52-8acb-f84d6346fb06	TCGA-06-0156-10A	released	01	--	False
30243b8a-bd42-4a37-96fc-c6e117b76dd5	TCGA-06-0156-01A-02	15e058e8-2f33-4fb4-92af-3d9dea1fa906	TCGA-06-0156	TCGA-GBM	f26e9844-6044-4b3b-b9df-4f95e14d9e75	TCGA-06-0156-01A	released	02	216.0	False
43449c45-8443-40ae-a673-4b238aa8c1dc	TCGA-06-0156-01A-01	15e058e8-2f33-4fb4-92af-3d9dea1fa906	TCGA-06-0156	TCGA-GBM	f26e9844-6044-4b3b-b9df-4f95e14d9e75	TCGA-06-0156-01A	released	01	188.0	False
7507eb83-723b-4d9a-94db-4f4eb369faa2	TCGA-06-0156-01A-03	15e058e8-2f33-4fb4-92af-3d9dea1fa906	TCGA-06-0156	TCGA-GBM	f26e9844-6044-4b3b-b9df-4f95e14d9e75	TCGA-06-0156-01A	released	03	--	False
495c07c0-9178-4b56-acba-0f9c6f228678	TCGA-06-0156-01A-41-1898-20	15e058e8-2f33-4fb4-92af-3d9dea1fa906	TCGA-06-0156	TCGA-GBM	f26e9844-6044-4b3b-b9df-4f95e14d9e75	TCGA-06-0156-01A	released	41	--	False
b119b3d8-9abb-40d8-b155-f561fcd5e057	TCGA-16-1045-01B-01	cd73f38a-f6ff-4e7b-bd43-ec7b82dbe7df	TCGA-16-1045	TCGA-GBM	045f17c6-0ad0-4608-a148-79d68c8f9e44	TCGA-16-1045-01B	released	01	121.0	False
e2ac5509-cf1b-4a38-a4a2-c7b3799b0838	TCGA-16-1045-10B-01	cd73f38a-f6ff-4e7b-bd43-ec7b82dbe7df	TCGA-16-1045	TCGA-GBM	ffce0e9f-6d3b-4a68-b402-8806f1efae1e	TCGA-16-1045-10B	released	01	--	False
26e70370-c867-4942-af94-15cfe42847e6	TCGA-76-4927-10A-01	9d1d9ae5-4640-4060-a207-c9c5b0e905e1	TCGA-76-4927	TCGA-GBM	51fb17cc-454a-4344-b081-d8d15b0c152b	TCGA-76-4927-10A	released	01	--	False
150b6b4c-af07-44ce-9bb8-b57e6168f565	TCGA-76-4927-01A-22-1899-20	9d1d9ae5-4640-4060-a207-c9c5b0e905e1	TCGA-76-4927	TCGA-GBM	d245834b-90b5-4a79-be65-3b76ae526b27	TCGA-76-4927-01A	released	22	--	False
4f1f162b-d208-465f-b812-f6dc27b2f05b	TCGA-76-4927-01A-01	9d1d9ae5-4640-4060-a207-c9c5b0e905e1	TCGA-76-4927	TCGA-GBM	d245834b-90b5-4a79-be65-3b76ae526b27	TCGA-76-4927-01A	released	01	130.0	False
145bef2b-f0e6-46f8-8683-a3a451d224bf	TCGA-41-4097-10A-01	66afd908-0c76-469e-abc3-89563de338c6	TCGA-41-4097	TCGA-GBM	f69c5e99-e677-436f-9908-3893126667a9	TCGA-41-4097-10A	released	01	--	False
bd77e935-9c7a-4c6a-affb-14646b15718f	TCGA-41-4097-01A-22-1899-20	66afd908-0c76-469e-abc3-89563de338c6	TCGA-41-4097	TCGA-GBM	affada32-8c38-4623-924f-c7265b02e75e	TCGA-41-4097-01A	released	22	--	False
5a175f48-4494-4e21-8701-b13418ec3dc4	TCGA-41-4097-01A-01	66afd908-0c76-469e-abc3-89563de338c6	TCGA-41-4097	TCGA-GBM	affada32-8c38-4623-924f-c7265b02e75e	TCGA-41-4097-01A	released	01	106.0	False
06b591c8-5a03-40b4-adaa-643608034f24	TCGA-32-2638-01A-01	1b25795e-69ad-47fd-bb2f-94ff0910fae1	TCGA-32-2638	TCGA-GBM	1c7c4001-1505-4667-80b6-a7491c16a16c	TCGA-32-2638-01A	released	01	184.0	False
34504869-85cc-4ea0-8c88-39a73c28cdbc	TCGA-32-2638-10A-01	1b25795e-69ad-47fd-bb2f-94ff0910fae1	TCGA-32-2638	TCGA-GBM	4f5f3827-60c0-4f70-b81c-57b7c0d4fc5e	TCGA-32-2638-10A	released	01	--	False
5c2cea9c-0559-4740-bac1-87bb35651a43	TCGA-02-2483-01A-01	a2ac9937-f351-4d78-9261-264bf6c21e0c	TCGA-02-2483	TCGA-GBM	724d75c1-7f82-4208-8510-3e89f3679bde	TCGA-02-2483-01A	released	01	90.0	False
e17085df-0320-4866-abd5-9d76df306946	TCGA-02-2483-10A-01	a2ac9937-f351-4d78-9261-264bf6c21e0c	TCGA-02-2483	TCGA-GBM	87c346e0-1365-4c41-bf6b-d93b8daaa2f3	TCGA-02-2483-10A	released	01	--	False
2003c676-d578-4932-af6f-a8bd210c6655	TCGA-06-0645-10A-01	878584ad-e6b6-493a-9f7f-3e284f5d9f68	TCGA-06-0645	TCGA-GBM	fe90e523-7f2c-4810-aa46-caac3087bc9c	TCGA-06-0645-10A	released	01	--	False
494e95ac-199d-4a99-9a84-754c920acfea	TCGA-06-0645-01A-01	878584ad-e6b6-493a-9f7f-3e284f5d9f68	TCGA-06-0645	TCGA-GBM	7019a1f3-0c43-4a52-a219-70d0133e0115	TCGA-06-0645-01A	released	01	194.0	False
3127b7e8-044e-4d65-a990-41ee906127a9	TCGA-02-2485-01A-01	521ea765-1bd1-423d-a75d-091243df37a9	TCGA-02-2485	TCGA-GBM	5b5f7c1d-8f3d-4f35-8295-58bc3eefeab0	TCGA-02-2485-01A	released	01	131.0	False
bf4c2b75-25ec-427a-867f-dbe4ce01a56e	TCGA-02-2485-01A-22-1899-20	521ea765-1bd1-423d-a75d-091243df37a9	TCGA-02-2485	TCGA-GBM	5b5f7c1d-8f3d-4f35-8295-58bc3eefeab0	TCGA-02-2485-01A	released	22	--	False
667fdbdd-4194-4cc3-a0c2-832e617a29fb	TCGA-02-2485-10A-01	521ea765-1bd1-423d-a75d-091243df37a9	TCGA-02-2485	TCGA-GBM	1cc3998f-318a-4c25-8ccd-a720059fafad	TCGA-02-2485-10A	released	01	--	False
27101ec4-7163-4f51-9510-39c345d5d96e	TCGA-06-0744-01A-01	5613f5f6-086d-470b-8f77-6dcb7f8625b7	TCGA-06-0744	TCGA-GBM	c01952d4-ae81-48e2-8818-0e438e66b516	TCGA-06-0744-01A	released	01	--	False
edf79dd0-0956-450c-87fd-d221b7521c5d	TCGA-06-0744-10A-01	5613f5f6-086d-470b-8f77-6dcb7f8625b7	TCGA-06-0744	TCGA-GBM	a469d368-66f3-46c9-a95a-9f8497f58996	TCGA-06-0744-10A	released	01	--	False
8eff89e4-46ae-476b-9f14-28cc3533d27a	TCGA-16-0846-01A-01	543c0a7d-ccd7-4b8d-98fb-eabec806231d	TCGA-16-0846	TCGA-GBM	ba6fc830-9a21-4812-8d20-ce574fd4c8ce	TCGA-16-0846-01A	released	01	156.0	False
b1d3644b-8d22-4a19-854b-cf629a47ab86	TCGA-16-0846-01A-21-1898-20	543c0a7d-ccd7-4b8d-98fb-eabec806231d	TCGA-16-0846	TCGA-GBM	ba6fc830-9a21-4812-8d20-ce574fd4c8ce	TCGA-16-0846-01A	released	21	--	False
f4c955f5-2af1-4a59-b052-7438cc36b6d7	TCGA-16-0846-10A-01	543c0a7d-ccd7-4b8d-98fb-eabec806231d	TCGA-16-0846	TCGA-GBM	decba92d-33b1-4a9a-914b-047898f84dc6	TCGA-16-0846-10A	released	01	--	False
7bf9569e-aa1e-4c51-b478-771a94dfcf88	TCGA-08-0386-01A-01	314d9188-c8fd-43fc-905d-b6889de542c8	TCGA-08-0386	TCGA-GBM	80c8329e-efa3-445a-8bbf-eb5fdce573b3	TCGA-08-0386-01A	released	01	106.0	False
ac164aa1-6ebb-4cee-8d3f-3a2741b1261b	TCGA-08-0386-01A-21-1898-20	314d9188-c8fd-43fc-905d-b6889de542c8	TCGA-08-0386	TCGA-GBM	80c8329e-efa3-445a-8bbf-eb5fdce573b3	TCGA-08-0386-01A	released	21	--	False
f1c5dc81-5104-4570-8b4f-60359980181c	TCGA-08-0386-11A-01	314d9188-c8fd-43fc-905d-b6889de542c8	TCGA-08-0386	TCGA-GBM	33a3aee7-bdbb-497a-b0a0-112c17280ac6	TCGA-08-0386-11A	released	01	--	False
e56c803c-181b-4630-b0cc-ee3d8d3225b1	TCGA-19-1787-10A-01	456bcab3-165d-456f-94e3-f34f81a61d2e	TCGA-19-1787	TCGA-GBM	c2719ce7-24a5-4e78-ac2e-afd40ceb23ce	TCGA-19-1787-10A	released	01	--	False
6f9d8bd7-76ac-40db-958d-54188fbf14a3	TCGA-19-1787-01B-01	456bcab3-165d-456f-94e3-f34f81a61d2e	TCGA-19-1787	TCGA-GBM	c0bbe492-67d0-4b18-af37-91ad1e4a8dc5	TCGA-19-1787-01B	released	01	111.0	False
f6df572c-f80c-473f-ba76-006ffda6d12b	TCGA-06-2569-01A-01	620282f9-f932-4335-9c7d-ece53dcaf7a1	TCGA-06-2569	TCGA-GBM	dbddb53a-e499-426f-a2fd-e3a141028a14	TCGA-06-2569-01A	released	01	160.0	False
c50ab370-d94f-4e40-a245-86b067f939de	TCGA-06-2569-10A-01	620282f9-f932-4335-9c7d-ece53dcaf7a1	TCGA-06-2569	TCGA-GBM	0fb00e94-7dbb-4c81-bfee-76994ec5840e	TCGA-06-2569-10A	released	01	--	False
39372bac-74de-4f42-8b40-20ba3a7a59cf	TCGA-76-4931-10A-01	752a6e21-9a91-417f-beba-bfdf331d5cac	TCGA-76-4931	TCGA-GBM	262393b6-e4c1-41fc-91ec-9d731d8787a5	TCGA-76-4931-10A	released	01	--	False
2ffb51d5-57e0-4499-bbf0-7774d2e1b79a	TCGA-76-4931-01A-01	752a6e21-9a91-417f-beba-bfdf331d5cac	TCGA-76-4931	TCGA-GBM	7875b7e8-20a1-43cf-b307-e03492b4beea	TCGA-76-4931-01A	released	01	127.0	False
66be4003-2f4d-4e44-a92a-12a3fb5b781a	TCGA-76-4931-01A-22-1899-20	752a6e21-9a91-417f-beba-bfdf331d5cac	TCGA-76-4931	TCGA-GBM	7875b7e8-20a1-43cf-b307-e03492b4beea	TCGA-76-4931-01A	released	22	--	False
ffa6f22b-4d0e-421c-b60c-d36a499cfe20	TCGA-32-1982-10A-01	c34760a2-f70e-48c4-a7c2-eb359f8aeb71	TCGA-32-1982	TCGA-GBM	fe96c904-f49f-428b-af73-b8447c887418	TCGA-32-1982-10A	released	01	--	False
dde9036e-212b-46d9-9a96-e5380280b066	TCGA-32-1982-01A-01	c34760a2-f70e-48c4-a7c2-eb359f8aeb71	TCGA-32-1982	TCGA-GBM	ea5105c8-b6da-4071-9369-4219c30f560b	TCGA-32-1982-01A	released	01	146.0	False
43a300a5-5f7b-4639-859b-cf5afe301efa	TCGA-32-1982-01A-21-1899-20	c34760a2-f70e-48c4-a7c2-eb359f8aeb71	TCGA-32-1982	TCGA-GBM	ea5105c8-b6da-4071-9369-4219c30f560b	TCGA-32-1982-01A	released	21	--	False
f0edf26c-c249-4e30-b80c-91871651a17f	TCGA-28-2513-01A-01	30256f61-7be9-4d47-8afd-afafa7a079c0	TCGA-28-2513	TCGA-GBM	bc2ae761-e8bc-4f73-ac38-61674b7465fa	TCGA-28-2513-01A	released	01	132.0	False
854f3ebe-6b05-43ac-baad-e2dba7cfd860	TCGA-28-2513-10A-01	30256f61-7be9-4d47-8afd-afafa7a079c0	TCGA-28-2513	TCGA-GBM	50df1a7a-9ddc-4aa9-be2c-a1d60b97e024	TCGA-28-2513-10A	released	01	--	False
80e624b3-f60c-4ed7-a8e7-d2c8e347c1c5	TCGA-28-5220-10A-01	8e6b9705-e9d2-4fbc-ac03-35c1a5115eef	TCGA-28-5220	TCGA-GBM	9278f8d0-55d7-4497-b1ba-1b5082cbc72d	TCGA-28-5220-10A	released	01	--	False
11f4c86b-f883-4b8d-adb2-65e72a917b70	TCGA-28-5220-01A-01	8e6b9705-e9d2-4fbc-ac03-35c1a5115eef	TCGA-28-5220	TCGA-GBM	ade3fb8a-df7e-49a4-8bd6-89ab94c8294d	TCGA-28-5220-01A	released	01	62.0	False
d83b238e-3487-4c2c-bb16-a6c48f9bea01	TCGA-26-5133-01A-01	a28b256e-e085-467d-bdba-5c39718012d7	TCGA-26-5133	TCGA-GBM	41f31652-cbcb-42c9-a884-ca1a04b5623b	TCGA-26-5133-01A	released	01	122.0	False
caf43f47-184a-4cc9-b1a1-7e060fa370a0	TCGA-26-5133-01A-21-1899-20	a28b256e-e085-467d-bdba-5c39718012d7	TCGA-26-5133	TCGA-GBM	41f31652-cbcb-42c9-a884-ca1a04b5623b	TCGA-26-5133-01A	released	21	--	False
d30a6cb4-bfb4-4eac-b683-436509081cd2	TCGA-26-5133-10A-01	a28b256e-e085-467d-bdba-5c39718012d7	TCGA-26-5133	TCGA-GBM	dacbdfdd-54c0-46e4-b6e8-3a3420783af1	TCGA-26-5133-10A	released	01	--	False
e5fee8b9-8191-4bc6-b878-203fc6179e14	TCGA-06-0743-10A-01	e2e83064-7d1c-4dd5-993f-cc7a5ee228ed	TCGA-06-0743	TCGA-GBM	3f8d5a94-b29f-46b8-8ada-0ff1e4bf561b	TCGA-06-0743-10A	released	01	--	False
5487825e-ffa6-4360-9712-8e85dac155ca	TCGA-06-0743-01A-01	e2e83064-7d1c-4dd5-993f-cc7a5ee228ed	TCGA-06-0743	TCGA-GBM	7fa57946-f734-4dab-9cc2-84201e090555	TCGA-06-0743-01A	released	01	--	False
799f8035-11da-4ac6-b961-0635cfde9cb9	TCGA-27-2521-01A-01	4776b959-d5f5-41ad-ab39-dba6031f6884	TCGA-27-2521	TCGA-GBM	c12d5a79-5d7e-4fd8-919c-f11441d03093	TCGA-27-2521-01A	released	01	105.0	False
d0b18116-5b51-4124-a67c-c30b813853c1	TCGA-27-2521-10A-01	4776b959-d5f5-41ad-ab39-dba6031f6884	TCGA-27-2521	TCGA-GBM	21dbe659-925c-40e1-abb0-c2f8121d7738	TCGA-27-2521-10A	released	01	--	False
38896043-cbd9-4523-9442-dbc70e6dda71	TCGA-28-5213-01A-01	7338e476-10ff-444a-a16f-429d28355f65	TCGA-28-5213	TCGA-GBM	b6ca6325-97df-4790-be83-71e3579f78da	TCGA-28-5213-01A	released	01	142.0	False
e36e1ea6-586f-4950-b307-427e50443d95	TCGA-28-5213-10A-01	7338e476-10ff-444a-a16f-429d28355f65	TCGA-28-5213	TCGA-GBM	d7875971-8879-46f7-98d4-2d865b35b0d6	TCGA-28-5213-10A	released	01	--	False
0efe9cfc-89f2-4096-8c3e-c300a8efa1ee	TCGA-02-2486-01A-01	79a68b32-29a3-47bf-9b2b-643ec7323d73	TCGA-02-2486	TCGA-GBM	51da374d-5305-4c17-a745-a9f682fce563	TCGA-02-2486-01A	released	01	125.0	False
896c4003-b685-40ed-a3d1-399f8af7afbd	TCGA-02-2486-10A-01	79a68b32-29a3-47bf-9b2b-643ec7323d73	TCGA-02-2486	TCGA-GBM	9f617df2-536b-45fb-91b4-f08985b6acf2	TCGA-02-2486-10A	released	01	--	False
e7f98bbb-0d9b-4b63-8eef-fb1a71d2247e	TCGA-06-5416-01A-21-1899-20	3a3fc890-1985-4353-861b-dc3abfb364b1	TCGA-06-5416	TCGA-GBM	68819a2d-5f7f-4fda-b15a-27a0b22cf17b	TCGA-06-5416-01A	released	21	--	False
f0acac67-8f4f-4f06-83b0-a0f64f3e8f94	TCGA-06-5416-01A-01	3a3fc890-1985-4353-861b-dc3abfb364b1	TCGA-06-5416	TCGA-GBM	68819a2d-5f7f-4fda-b15a-27a0b22cf17b	TCGA-06-5416-01A	released	01	123.0	False
57114585-8af4-4926-b092-045469afc53e	TCGA-06-5416-10A-01	3a3fc890-1985-4353-861b-dc3abfb364b1	TCGA-06-5416	TCGA-GBM	ed20680c-3015-4c89-b829-e17b61379982	TCGA-06-5416-10A	released	01	--	False
1e53f51e-09dd-4d3e-b90c-4291ac2ce02d	TCGA-06-5410-10A-01	884f867b-4a8b-4b67-8fe4-ab3f068be84e	TCGA-06-5410	TCGA-GBM	a4149477-00ff-401c-adc6-c19b05df8754	TCGA-06-5410-10A	released	01	--	False
fc2c0132-59ff-4112-bb86-d4c7e1d2df71	TCGA-06-5410-01A-01	884f867b-4a8b-4b67-8fe4-ab3f068be84e	TCGA-06-5410	TCGA-GBM	d1cba561-6232-49d9-b0ea-46465eb75afa	TCGA-06-5410-01A	released	01	136.0	False
21d23913-0a8a-4894-8faa-be5977c351bd	TCGA-06-5410-01A-21-1899-20	884f867b-4a8b-4b67-8fe4-ab3f068be84e	TCGA-06-5410	TCGA-GBM	d1cba561-6232-49d9-b0ea-46465eb75afa	TCGA-06-5410-01A	released	21	--	False
48160f26-0548-4053-bfa6-9c064d808866	TCGA-19-2619-10A-01	f2de4316-026c-4c2d-b091-47bc0ec8612a	TCGA-19-2619	TCGA-GBM	eae15b7e-3d8f-4dae-8620-e70a5ecc817c	TCGA-19-2619-10A	released	01	--	False
5e729c77-8ee6-41c4-a5a5-d516f2d5c0f1	TCGA-19-2619-01A-03-1900-20	f2de4316-026c-4c2d-b091-47bc0ec8612a	TCGA-19-2619	TCGA-GBM	bc1fa4fb-9b73-460f-9c4d-d1180c3abba8	TCGA-19-2619-01A	released	03	--	False
b4de95d8-d44b-47a0-9d94-2fa4b8c1e401	TCGA-19-2619-01A-01	f2de4316-026c-4c2d-b091-47bc0ec8612a	TCGA-19-2619	TCGA-GBM	bc1fa4fb-9b73-460f-9c4d-d1180c3abba8	TCGA-19-2619-01A	released	01	130.0	False
d1ba4708-f648-495e-b5ee-9960aece0007	TCGA-06-0141-10A-01	4b43da9d-60ee-4269-b44d-d92c034b844c	TCGA-06-0141	TCGA-GBM	6381f344-b123-40de-81b0-ea89ed218500	TCGA-06-0141-10A	released	01	--	False
fe1d30b4-8457-48a1-a11e-3abd6030a719	TCGA-06-0141-01A-01	4b43da9d-60ee-4269-b44d-d92c034b844c	TCGA-06-0141	TCGA-GBM	28b6c591-a167-4fcc-9bf4-f36175d4b3c5	TCGA-06-0141-01A	released	01	108.0	False
b2a01b49-6377-485e-bfbd-3a744e11b6d0	TCGA-12-3652-01A-22-1899-20	159e0318-6173-440f-be07-8d956086e99d	TCGA-12-3652	TCGA-GBM	d90c750f-ff7f-4b5e-ae23-631b75bf5158	TCGA-12-3652-01A	released	22	--	False
b4754369-8714-42b0-b343-e1447a26fa27	TCGA-12-3652-01A-01	159e0318-6173-440f-be07-8d956086e99d	TCGA-12-3652	TCGA-GBM	d90c750f-ff7f-4b5e-ae23-631b75bf5158	TCGA-12-3652-01A	released	01	141.0	False
12a97030-2d7e-41f2-a900-4d15ceab66c0	TCGA-12-3652-10A-01	159e0318-6173-440f-be07-8d956086e99d	TCGA-12-3652	TCGA-GBM	f2479cf0-a367-4dda-9c1d-47b31b8a7cb7	TCGA-12-3652-10A	released	01	--	False
3b9c4291-4b37-413e-877e-0b557e960c64	TCGA-27-2526-10A-01	69d0a566-5fbf-45f6-a240-649b06868e27	TCGA-27-2526	TCGA-GBM	aa3459f6-b50c-4205-8e73-d07fc50ec0ac	TCGA-27-2526-10A	released	01	--	False
77f1a5be-c900-483b-9e66-69b630778bf0	TCGA-27-2526-01A-01	69d0a566-5fbf-45f6-a240-649b06868e27	TCGA-27-2526	TCGA-GBM	fe7d8f81-f39f-4401-b3e9-cfde245d6b93	TCGA-27-2526-01A	released	01	132.0	False
53559613-d8b1-4019-a792-e14e055a1667	TCGA-19-1390-01A-01	5252c0b7-be05-4c0c-a8ac-afe9ad459489	TCGA-19-1390	TCGA-GBM	ec82c19a-1b5e-4726-a953-ff8c94903cc7	TCGA-19-1390-01A	released	01	113.0	False
7445d5a7-ffb8-4ee5-a774-11feddac42d8	TCGA-19-1390-01A-21-1898-20	5252c0b7-be05-4c0c-a8ac-afe9ad459489	TCGA-19-1390	TCGA-GBM	ec82c19a-1b5e-4726-a953-ff8c94903cc7	TCGA-19-1390-01A	released	21	--	False
cf718fe3-24b9-4351-99d7-7109ae5f4d15	TCGA-19-1390-10C-01	5252c0b7-be05-4c0c-a8ac-afe9ad459489	TCGA-19-1390	TCGA-GBM	fab03652-f173-43c3-a233-b2e175d0e25d	TCGA-19-1390-10C	released	01	--	False
2f198e09-a0fc-42a1-9ce2-710da2d28058	TCGA-12-0821-10A-01	eae44c1c-1628-4b58-8b90-d3372e3577d5	TCGA-12-0821	TCGA-GBM	32b40f5e-b243-4b41-a68f-e357d3cc0dcf	TCGA-12-0821-10A	released	01	--	False
3bf318a7-9867-4c2f-a562-506913432c18	TCGA-12-0821-01A-01	eae44c1c-1628-4b58-8b90-d3372e3577d5	TCGA-12-0821	TCGA-GBM	a366018c-2f8c-42fc-973f-805c1d7d8951	TCGA-12-0821-01A	released	01	--	False
c0ff365c-9d62-4034-8724-97bf1d17c921	TCGA-14-0781-01B-01	9b9654c9-5a64-4a8e-b1f0-987437e6012e	TCGA-14-0781	TCGA-GBM	a381de9e-db11-4b9a-abc2-c14163f8593b	TCGA-14-0781-01B	released	01	98.0	False
83a0b589-6227-4375-a194-10f16bd1940a	TCGA-14-0781-10A-01	9b9654c9-5a64-4a8e-b1f0-987437e6012e	TCGA-14-0781	TCGA-GBM	535e148a-95c9-4b2d-bce3-482a28f2d657	TCGA-14-0781-10A	released	01	--	False
17b09ac4-23b8-4a1d-9723-eb76226d52dc	TCGA-32-1970-01A-21-1899-20	6c5154d2-af36-492f-b520-d925528824e4	TCGA-32-1970	TCGA-GBM	115d06a0-7ffb-4e2f-bc09-59ea55d12894	TCGA-32-1970-01A	released	21	--	False
05050672-cc12-48bb-b067-5060dd797d88	TCGA-32-1970-01A-01	6c5154d2-af36-492f-b520-d925528824e4	TCGA-32-1970	TCGA-GBM	115d06a0-7ffb-4e2f-bc09-59ea55d12894	TCGA-32-1970-01A	released	01	110.0	False
0214bd54-edad-4f53-b367-71e555562b66	TCGA-32-1970-10A-01	6c5154d2-af36-492f-b520-d925528824e4	TCGA-32-1970	TCGA-GBM	cf12c642-b9f8-4ef0-bd54-509536fe001d	TCGA-32-1970-10A	released	01	--	False
3a8b14d1-5fac-4df5-8513-59e772079799	TCGA-19-2625-01A-03-1900-20	f6b2f52b-284d-4bde-9a3d-a0f458d07f08	TCGA-19-2625	TCGA-GBM	c0d39b1c-f65b-4abe-afac-e6af1ad07fd3	TCGA-19-2625-01A	released	03	--	False
dd389424-6f4e-4696-b6d5-e8c6cb93eeda	TCGA-19-2625-01A-01	f6b2f52b-284d-4bde-9a3d-a0f458d07f08	TCGA-19-2625	TCGA-GBM	c0d39b1c-f65b-4abe-afac-e6af1ad07fd3	TCGA-19-2625-01A	released	01	125.0	False
6e751392-e967-4350-ad82-e6a07e8a42c6	TCGA-19-2625-10A-01	f6b2f52b-284d-4bde-9a3d-a0f458d07f08	TCGA-19-2625	TCGA-GBM	19b6ebec-1dd1-4591-858b-43d2fd9b30c2	TCGA-19-2625-10A	released	01	--	False
55460178-3347-472f-83d0-49dfbbbabfd3	TCGA-19-4065-02A-11	a262928c-e20a-4c02-8114-1227e05c43e1	TCGA-19-4065	TCGA-GBM	d13412e3-4493-4cf0-9254-0ea24168df42	TCGA-19-4065-02A	released	11	29.0	False
3166696a-a000-4194-a5cd-45e54777385d	TCGA-19-4065-02A-13-2189-20	a262928c-e20a-4c02-8114-1227e05c43e1	TCGA-19-4065	TCGA-GBM	d13412e3-4493-4cf0-9254-0ea24168df42	TCGA-19-4065-02A	released	13	--	False
b5f82b39-3e8a-4b69-b4ff-330fed4e288d	TCGA-19-4065-01A-01	a262928c-e20a-4c02-8114-1227e05c43e1	TCGA-19-4065	TCGA-GBM	3c83ded3-3515-4071-8788-6e8bf2c2a173	TCGA-19-4065-01A	released	01	151.0	False
2d894d78-a75e-4789-acea-4066b7030818	TCGA-19-4065-01A-21-2214-20	a262928c-e20a-4c02-8114-1227e05c43e1	TCGA-19-4065	TCGA-GBM	3c83ded3-3515-4071-8788-6e8bf2c2a173	TCGA-19-4065-01A	released	21	--	False
fa5355e2-4b9e-4429-8281-245b82981a15	TCGA-19-4065-10A-01	a262928c-e20a-4c02-8114-1227e05c43e1	TCGA-19-4065	TCGA-GBM	b74adbea-da4f-4484-bc83-eb7e88032358	TCGA-19-4065-10A	released	01	--	False
d08e03fe-1feb-4643-8b62-b6c9334b2e4e	TCGA-06-0686-01A-01	c931f3bd-74c5-4ebd-bc0f-c7c6becd25ab	TCGA-06-0686	TCGA-GBM	7af6d7a5-b550-42d9-983a-241ec76fd7f4	TCGA-06-0686-01A	released	01	--	False
db2c0323-8d9b-43ad-a87e-5e9dacdbd6d4	TCGA-06-0686-10A-01	c931f3bd-74c5-4ebd-bc0f-c7c6becd25ab	TCGA-06-0686	TCGA-GBM	c0f5dcc8-3d08-45a5-8d12-5fc67c5d5dc3	TCGA-06-0686-10A	released	01	--	False
b30d9aed-5bf4-4305-aab0-280be75223c2	TCGA-26-5132-01A-01	2c5fa2d4-8e35-42e4-8bca-9fb3371a19c8	TCGA-26-5132	TCGA-GBM	ac7ea2f0-a526-4b9a-8e81-2736ea38f53b	TCGA-26-5132-01A	released	01	122.0	False
59eb7b30-4000-4feb-9543-1fe085fdef6a	TCGA-26-5132-01A-22-1899-20	2c5fa2d4-8e35-42e4-8bca-9fb3371a19c8	TCGA-26-5132	TCGA-GBM	ac7ea2f0-a526-4b9a-8e81-2736ea38f53b	TCGA-26-5132-01A	released	22	--	False
db668c0b-d556-4ad3-a6cd-1aeb4d299756	TCGA-26-5132-10A-01	2c5fa2d4-8e35-42e4-8bca-9fb3371a19c8	TCGA-26-5132	TCGA-GBM	e13162b5-a8d3-434c-919f-d81309e29c89	TCGA-26-5132-10A	released	01	--	False
d3d8f56c-1310-4afc-ba88-c169eacc3b82	TCGA-06-2563-10A-01	ba383ea6-c885-49f0-bddc-e00be0230a6b	TCGA-06-2563	TCGA-GBM	ee0cba71-5097-4e3e-a865-b4ba9bc9e15e	TCGA-06-2563-10A	released	01	--	False
d497694b-4847-4a84-902d-d4dab157020e	TCGA-06-2563-01A-22-1899-20	ba383ea6-c885-49f0-bddc-e00be0230a6b	TCGA-06-2563	TCGA-GBM	53576d9b-d84c-40ac-8a82-ac6bc81180a2	TCGA-06-2563-01A	released	22	--	False
530a6417-bc53-44f6-a16f-b1afc42c909c	TCGA-06-2563-01A-01	ba383ea6-c885-49f0-bddc-e00be0230a6b	TCGA-06-2563	TCGA-GBM	53576d9b-d84c-40ac-8a82-ac6bc81180a2	TCGA-06-2563-01A	released	01	168.0	False
04faf1b8-a62c-4b7d-b007-a7a95808067b	TCGA-06-1804-10A-01	9348e446-0e43-4210-b07e-c534980cbf62	TCGA-06-1804	TCGA-GBM	21682b63-cb9b-4f75-a38f-97e0a5cd5df5	TCGA-06-1804-10A	released	01	--	False
550d7a83-3cfd-4a83-b6df-7c88be3b16e9	TCGA-06-1804-01A-01	9348e446-0e43-4210-b07e-c534980cbf62	TCGA-06-1804	TCGA-GBM	1020a7bd-6a5d-4ff1-828f-74ebf1645a7b	TCGA-06-1804-01A	released	01	97.0	False
f3ebb084-c9cd-486d-8dca-0c661921e401	TCGA-06-1804-01A-21-1899-20	9348e446-0e43-4210-b07e-c534980cbf62	TCGA-06-1804	TCGA-GBM	1020a7bd-6a5d-4ff1-828f-74ebf1645a7b	TCGA-06-1804-01A	released	21	--	False
2d714d92-3bfc-4a4a-bc42-3919b71074de	TCGA-06-2562-10A-01	e3251837-f6f3-4dad-856f-108e20d03dad	TCGA-06-2562	TCGA-GBM	24e7c849-fd41-4544-9b90-56c3dc3c49b5	TCGA-06-2562-10A	released	01	--	False
1f58530e-6717-4f3e-a9a4-77c5510d8601	TCGA-06-2562-01A-22-1899-20	e3251837-f6f3-4dad-856f-108e20d03dad	TCGA-06-2562	TCGA-GBM	091fe56f-d424-4e70-b368-10ee2192733b	TCGA-06-2562-01A	released	22	--	False
75ab67d0-5e94-4780-842b-4932189ec131	TCGA-06-2562-01A-01	e3251837-f6f3-4dad-856f-108e20d03dad	TCGA-06-2562	TCGA-GBM	091fe56f-d424-4e70-b368-10ee2192733b	TCGA-06-2562-01A	released	01	151.0	False
b85e2f63-0899-40bc-bad1-3110dba9b83e	TCGA-06-5411-01A-21-1899-20	3f960d3b-a58c-43d0-a8a4-f3555b399c9d	TCGA-06-5411	TCGA-GBM	7790fa3d-c06f-4c74-b180-ca6d4f53dc7d	TCGA-06-5411-01A	released	21	--	False
4513e6d7-70a7-4e5f-96df-4fc28dc92429	TCGA-06-5411-01A-01	3f960d3b-a58c-43d0-a8a4-f3555b399c9d	TCGA-06-5411	TCGA-GBM	7790fa3d-c06f-4c74-b180-ca6d4f53dc7d	TCGA-06-5411-01A	released	01	134.0	False
23d8a9f3-ba78-4a58-9a58-5b8bcfb7dcf6	TCGA-06-5411-10A-01	3f960d3b-a58c-43d0-a8a4-f3555b399c9d	TCGA-06-5411	TCGA-GBM	06966748-4f99-4e84-a76f-41e2b181129f	TCGA-06-5411-10A	released	01	--	False
6c914047-b744-47fe-9b83-9753c584869b	TCGA-28-5207-10A-01	d9fcf27f-48e3-43fd-a8cf-3db246cf4221	TCGA-28-5207	TCGA-GBM	de93f56a-d117-4302-9d25-e4a66da36485	TCGA-28-5207-10A	released	01	--	False
b8fcc550-a0e8-46e0-9f40-8dd2e1f3fa02	TCGA-28-5207-01A-01	d9fcf27f-48e3-43fd-a8cf-3db246cf4221	TCGA-28-5207	TCGA-GBM	7cabd150-1c5f-47ab-9218-d77b672f5bf4	TCGA-28-5207-01A	released	01	107.0	False
f549cce8-eb85-466a-8f0a-90cacd97b70a	TCGA-15-1444-01A-02	4c42dc4e-66b7-40bf-9fbe-b92543248198	TCGA-15-1444	TCGA-GBM	07da260d-ef04-4a23-bdad-5ceb98a673ca	TCGA-15-1444-01A	released	02	121.0	False
884733ed-568f-4326-8a8a-2106e78ed07c	TCGA-15-1444-10A-01	4c42dc4e-66b7-40bf-9fbe-b92543248198	TCGA-15-1444	TCGA-GBM	f64d61ac-b8b7-44a8-a5c4-adfff2940ff3	TCGA-15-1444-10A	released	01	--	False
aac3e6ef-9aad-4f83-8927-838a096a4cdd	TCGA-06-2565-01A-01	c7b4fd72-b45d-4524-8424-983120abfec0	TCGA-06-2565	TCGA-GBM	20342f47-d86b-468f-9450-a0fef449e21e	TCGA-06-2565-01A	released	01	135.0	False
524304ce-dd99-4b59-b379-7cc2da965112	TCGA-06-2565-01A-22-1899-20	c7b4fd72-b45d-4524-8424-983120abfec0	TCGA-06-2565	TCGA-GBM	20342f47-d86b-468f-9450-a0fef449e21e	TCGA-06-2565-01A	released	22	--	False
bf9aa747-6abb-4954-bc0b-8c3b41ed6e16	TCGA-06-2565-10A-01	c7b4fd72-b45d-4524-8424-983120abfec0	TCGA-06-2565	TCGA-GBM	4b9273e0-e832-433e-886b-71a8892d77e8	TCGA-06-2565-10A	released	01	--	False
7227aa3c-e366-4b11-a345-2246b172599c	TCGA-19-2624-01A-01	2f4a127f-101a-4192-b3e8-f9be2c8648bc	TCGA-19-2624	TCGA-GBM	c9e1be85-0699-48b4-8977-0db46af4ec94	TCGA-19-2624-01A	released	01	151.0	False
39168f64-d136-4819-bb30-832b0d22c021	TCGA-19-2624-10A-01	2f4a127f-101a-4192-b3e8-f9be2c8648bc	TCGA-19-2624	TCGA-GBM	3686ca82-a154-45c9-b616-91e22cca1453	TCGA-19-2624-10A	released	01	--	False
61dd1e12-fb5b-45b3-abc4-dde483447e42	TCGA-41-2571-10A-01	722f462d-f939-4bc1-aae4-8f78b1335a87	TCGA-41-2571	TCGA-GBM	b470c914-f0bc-4690-92a7-a65b22e0a25e	TCGA-41-2571-10A	released	01	--	False
42ae0b05-ff1d-462d-9190-5ac41165e12b	TCGA-41-2571-01A-01	722f462d-f939-4bc1-aae4-8f78b1335a87	TCGA-41-2571	TCGA-GBM	1428c1f2-626c-4017-a651-ea2fa19156ba	TCGA-41-2571-01A	released	01	131.0	False
1e59bbb5-b2f7-47ce-b247-9fe22c1085f7	TCGA-14-2554-10A-01	b1c4579c-72fa-4974-830c-b6a81ace45f4	TCGA-14-2554	TCGA-GBM	a52481ab-009d-4a66-9530-7a0ed5e09420	TCGA-14-2554-10A	released	01	--	False
3bc9bbbc-9fbc-40a2-a792-7f3db54ae29c	TCGA-14-2554-01A-01	b1c4579c-72fa-4974-830c-b6a81ace45f4	TCGA-14-2554	TCGA-GBM	e8013962-7049-4596-aa49-e6403f608d98	TCGA-14-2554-01A	released	01	120.0	False
94f02f7e-fa31-4fb6-b6a6-42685bd42aec	TCGA-06-2567-10A-01	55a063b0-98ad-4700-b3ce-61bfe364fec8	TCGA-06-2567	TCGA-GBM	59b94440-3f8d-4b23-b8da-4859a3707717	TCGA-06-2567-10A	released	01	--	False
16713cc6-edd9-4a6d-b10f-c97efd2e62d6	TCGA-06-2567-01A-01	55a063b0-98ad-4700-b3ce-61bfe364fec8	TCGA-06-2567	TCGA-GBM	87817041-278c-41d8-9c27-bac80d299903	TCGA-06-2567-01A	released	01	111.0	False
2b4483ff-1cc5-4df0-9054-ec7704d14699	TCGA-06-2567-01A-22-1899-20	55a063b0-98ad-4700-b3ce-61bfe364fec8	TCGA-06-2567	TCGA-GBM	87817041-278c-41d8-9c27-bac80d299903	TCGA-06-2567-01A	released	22	--	False
fa2a036f-05d1-4184-bf96-44c650079fc4	TCGA-14-0817-01A-01	5a86d9f1-d38d-4b78-9a23-c7855a20ca2d	TCGA-14-0817	TCGA-GBM	0f1c4d49-f774-449d-bbd0-f0c79629d13a	TCGA-14-0817-01A	released	01	183.0	False
8a48f210-5363-46ca-ad30-14f0abe82476	TCGA-14-0817-10A-01	5a86d9f1-d38d-4b78-9a23-c7855a20ca2d	TCGA-14-0817	TCGA-GBM	77a150fe-b7c2-43ca-bec4-9701d7fdf7e7	TCGA-14-0817-10A	released	01	--	False
ad79f391-4f99-4107-b8dd-a871aad5cd70	TCGA-06-2561-10A-01	d6a48eb1-7c20-4ae3-ae35-b6b641238ef1	TCGA-06-2561	TCGA-GBM	95a6ee65-ecb4-46de-9b46-f72d527e94b8	TCGA-06-2561-10A	released	01	--	False
a770ef58-b15e-41fd-acc8-cce463145bd7	TCGA-06-2561-01A-02	d6a48eb1-7c20-4ae3-ae35-b6b641238ef1	TCGA-06-2561	TCGA-GBM	e0f7dc52-3547-4fd1-8565-47fd606b80de	TCGA-06-2561-01A	released	02	107.0	False
f46806a6-9242-4a62-b241-e09b5cafc770	TCGA-27-1831-10A-01	f45f4a30-6b4c-4f15-9140-959d6a25a45f	TCGA-27-1831	TCGA-GBM	967c0508-dbda-44e5-976b-1296ded8eb70	TCGA-27-1831-10A	released	01	--	False
10225288-a742-43af-88ea-dd5af14cafcc	TCGA-27-1831-01A-21-1899-20	f45f4a30-6b4c-4f15-9140-959d6a25a45f	TCGA-27-1831	TCGA-GBM	9bb49615-6f5e-471c-b68b-866e6199ceb7	TCGA-27-1831-01A	released	21	--	False
9508d911-fd3f-4a93-a0a6-6447c9da1bc4	TCGA-27-1831-01A-01	f45f4a30-6b4c-4f15-9140-959d6a25a45f	TCGA-27-1831	TCGA-GBM	9bb49615-6f5e-471c-b68b-866e6199ceb7	TCGA-27-1831-01A	released	01	157.0	False
dd923045-3313-4f8a-8de8-d4ede794303a	TCGA-27-1834-01A-01	7340f325-579f-4b90-96aa-3a7b362129ca	TCGA-27-1834	TCGA-GBM	fbbe6305-d9ea-490d-bdf5-276877a16ed4	TCGA-27-1834-01A	released	01	122.0	False
6f9a8ffa-448b-4227-9e3e-f574519692fb	TCGA-27-1834-01A-21-1899-20	7340f325-579f-4b90-96aa-3a7b362129ca	TCGA-27-1834	TCGA-GBM	fbbe6305-d9ea-490d-bdf5-276877a16ed4	TCGA-27-1834-01A	released	21	--	False
605814e9-b865-4de2-a2fe-70c3fef16565	TCGA-27-1834-10A-01	7340f325-579f-4b90-96aa-3a7b362129ca	TCGA-27-1834	TCGA-GBM	3faf361a-59ec-4983-9653-f53d65f93efc	TCGA-27-1834-10A	released	01	--	False
5b511c51-6a09-417b-bd8c-5e304fcd967e	TCGA-32-5222-10A-01	e876dd29-68b0-4bf1-83d1-488c40068a35	TCGA-32-5222	TCGA-GBM	c378b81b-7f9a-4bef-8b46-34f3806a89bf	TCGA-32-5222-10A	released	01	--	False
f9af1caa-715c-4632-a7b3-5b4dc8cd8c6a	TCGA-32-5222-01A-21-1899-20	e876dd29-68b0-4bf1-83d1-488c40068a35	TCGA-32-5222	TCGA-GBM	f5e8e4b1-a779-46d6-bbaa-8afdd96f48df	TCGA-32-5222-01A	released	21	--	False
a4b61438-2347-4ac0-bf10-2c1574503448	TCGA-32-5222-01A-01	e876dd29-68b0-4bf1-83d1-488c40068a35	TCGA-32-5222	TCGA-GBM	f5e8e4b1-a779-46d6-bbaa-8afdd96f48df	TCGA-32-5222-01A	released	01	133.0	False
fc32f1f9-8457-498e-894e-e73aac10586a	TCGA-06-5408-01A-21-1899-20	af055b98-be6a-4012-ac64-f1b6539b23d0	TCGA-06-5408	TCGA-GBM	900e10bb-2654-4eec-8ac7-8d4e3667ef34	TCGA-06-5408-01A	released	21	--	False
e336be13-f644-449a-a452-26566187a3a7	TCGA-06-5408-01A-01	af055b98-be6a-4012-ac64-f1b6539b23d0	TCGA-06-5408	TCGA-GBM	900e10bb-2654-4eec-8ac7-8d4e3667ef34	TCGA-06-5408-01A	released	01	126.0	False
da7230df-ffe0-49d2-a4de-776cc7e753b9	TCGA-06-5408-10A-01	af055b98-be6a-4012-ac64-f1b6539b23d0	TCGA-06-5408	TCGA-GBM	4d4daca8-ab6f-475a-9fea-44e573d32a8f	TCGA-06-5408-10A	released	01	--	False
95b97abc-b03d-43ca-9c93-06a91002e887	TCGA-76-4925-10A-01	872abc8a-6c1f-4114-b993-7d0327fb38bd	TCGA-76-4925	TCGA-GBM	f4a259c9-9d31-405f-b81a-5a1011a9cafd	TCGA-76-4925-10A	released	01	--	False
1046a310-d974-4b6f-8f27-56369c29a273	TCGA-76-4925-01A-01	872abc8a-6c1f-4114-b993-7d0327fb38bd	TCGA-76-4925	TCGA-GBM	862aedf5-00e0-4efb-8479-306e777db0df	TCGA-76-4925-01A	released	01	70.0	False
b053d3d0-350c-42cb-b014-a0920091aa55	TCGA-32-2634-01A-01	1030a6b9-0df8-4d60-b69f-2a36e630a6ad	TCGA-32-2634	TCGA-GBM	a16af0bf-558c-4fa7-93d2-c6c82a8ac483	TCGA-32-2634-01A	released	01	117.0	False
f2a38f3a-e441-40e4-abc4-87a1d9e26495	TCGA-32-2634-10A-01	1030a6b9-0df8-4d60-b69f-2a36e630a6ad	TCGA-32-2634	TCGA-GBM	6f872dd8-dea4-4af4-85b5-e1138c107d8a	TCGA-32-2634-10A	released	01	--	False
5739c85b-2e30-4ac3-91fa-01d4592dd586	TCGA-26-1442-01A-21-1898-20	c29d73c0-c885-4105-bf74-38e9178e71c9	TCGA-26-1442	TCGA-GBM	46c31ffb-160d-4705-a7ca-6b3393054d8c	TCGA-26-1442-01A	released	21	--	False
ec9fc551-d75e-4dfb-8c0d-c46b14f4fd06	TCGA-26-1442-01A-01	c29d73c0-c885-4105-bf74-38e9178e71c9	TCGA-26-1442	TCGA-GBM	46c31ffb-160d-4705-a7ca-6b3393054d8c	TCGA-26-1442-01A	released	01	148.0	False
07dc3330-be56-4121-b683-51a6e2fcf3fe	TCGA-26-1442-10A-01	c29d73c0-c885-4105-bf74-38e9178e71c9	TCGA-26-1442	TCGA-GBM	a44747e8-a5f6-4eb6-9222-10b9eeae6d8f	TCGA-26-1442-10A	released	01	--	False
d8357d57-6a64-4ba9-8486-a8835e8bd44a	TCGA-27-2519-01A-01	6ff96a7e-1b96-4530-b8a8-7f2e9e541955	TCGA-27-2519	TCGA-GBM	ebe1773e-b2be-49bd-9871-5a457648e1f4	TCGA-27-2519-01A	released	01	64.0	False
600424dd-bccf-466f-a6f7-819befa1ce21	TCGA-27-2519-10A-01	6ff96a7e-1b96-4530-b8a8-7f2e9e541955	TCGA-27-2519	TCGA-GBM	2390261f-1004-4f49-b56b-5c3d176a7478	TCGA-27-2519-10A	released	01	--	False
d34197ab-8b0e-4c6d-a136-fd5bbf51241b	TCGA-06-0211-10A-01	5c984433-33cf-42fc-b3ba-511efcdcab19	TCGA-06-0211	TCGA-GBM	5c4ba77d-d7f4-4d66-b9a9-875167a063ae	TCGA-06-0211-10A	released	01	--	False
be08b9e6-5a4b-4322-b97d-66422db02e48	TCGA-06-0211-01A-01	5c984433-33cf-42fc-b3ba-511efcdcab19	TCGA-06-0211	TCGA-GBM	83177103-6ae2-444e-8ae7-e1bf76b1351d	TCGA-06-0211-01A	released	01	--	False
1ebed633-d88e-4393-a4a9-4aad38b46599	TCGA-06-0211-01B-01	5c984433-33cf-42fc-b3ba-511efcdcab19	TCGA-06-0211	TCGA-GBM	3847889f-2a14-4bf7-8fac-c89c2b4198f3	TCGA-06-0211-01B	released	01	--	False
2c161608-30a4-4046-8823-04ab18bd61aa	TCGA-06-0211-02A-02	5c984433-33cf-42fc-b3ba-511efcdcab19	TCGA-06-0211	TCGA-GBM	2e7eec3f-c9c4-42c2-8b3d-296d916a2842	TCGA-06-0211-02A	released	02	119.0	False
80311b21-9221-4ec6-8953-25bdfbac30f9	TCGA-26-5135-01A-01	69d56f2d-6924-409b-9d1e-c8d69b400270	TCGA-26-5135	TCGA-GBM	8cfb4c3f-b25f-412c-91c7-997c64ea2d75	TCGA-26-5135-01A	released	01	120.0	False
3a1ebeb9-1c31-4864-82a6-7626d783a392	TCGA-26-5135-10A-01	69d56f2d-6924-409b-9d1e-c8d69b400270	TCGA-26-5135	TCGA-GBM	cd1e6f91-f07b-4804-b8c9-a03db048c1b1	TCGA-26-5135-10A	released	01	--	False
6dc26292-dbae-458f-adbb-18190eebd156	TCGA-06-0750-01A-01	0456a66b-c9b3-4eb1-9872-424a7ea712a2	TCGA-06-0750	TCGA-GBM	35ced632-741e-470a-b978-d4d4528c28ed	TCGA-06-0750-01A	released	01	--	False
d51a7368-b64f-44e9-be79-6e001d2403ca	TCGA-06-0750-10A-01	0456a66b-c9b3-4eb1-9872-424a7ea712a2	TCGA-06-0750	TCGA-GBM	6e042d50-3e9f-4e77-8d14-3d4c2a03fb7b	TCGA-06-0750-10A	released	01	--	False
b92c6719-ea37-492b-91c2-fbbaf151cf33	TCGA-06-0747-10A-01	44ef426e-b67d-4b49-80a3-86681b9abf1a	TCGA-06-0747	TCGA-GBM	2764f054-0466-40b1-944c-83afa2453b55	TCGA-06-0747-10A	released	01	--	False
e35fde29-2040-4ffe-aa59-2cc560969dd1	TCGA-06-0747-01A-01	44ef426e-b67d-4b49-80a3-86681b9abf1a	TCGA-06-0747	TCGA-GBM	5d38bd91-2efa-4a18-aa29-e18e399af353	TCGA-06-0747-01A	released	01	--	False
a41181b9-04bd-4ab1-978f-9e1f2c6f6c30	TCGA-32-2632-01A-01	50603cc6-42e6-412f-ab07-4805f728e6b6	TCGA-32-2632	TCGA-GBM	0d719f58-1572-4d51-9360-8ced507c4f94	TCGA-32-2632-01A	released	01	160.0	False
dbada69d-f24d-44cb-853f-30765b95a1e1	TCGA-32-2632-10A-01	50603cc6-42e6-412f-ab07-4805f728e6b6	TCGA-32-2632	TCGA-GBM	cfd1bfcd-f159-4dfc-8ca4-20be1854c4b5	TCGA-32-2632-10A	released	01	--	False
061c1db3-efe1-418f-bc8c-5da234757f57	TCGA-06-0749-01A-01	e921772f-f81a-49bc-b35e-3354c94447c0	TCGA-06-0749	TCGA-GBM	1a3bae5a-677d-4763-b019-ba26e0134929	TCGA-06-0749-01A	released	01	--	False
e6b92e49-f47c-4f25-bdf2-e9ee5a798457	TCGA-06-0749-10A-01	e921772f-f81a-49bc-b35e-3354c94447c0	TCGA-06-0749	TCGA-GBM	8db81a79-de8e-48db-a18d-de26b0b724e1	TCGA-06-0749-10A	released	01	--	False
fa5a6fbb-5e3d-4180-b62e-22e88ab19791	TCGA-06-0174-01A-01	ee3fc631-1e88-4f70-ab31-335851b38640	TCGA-06-0174	TCGA-GBM	ef15fec1-2aea-4adc-a7dd-dbef8feb838b	TCGA-06-0174-01A	released	01	--	False
0f417486-d992-4cce-83db-7d3e954dd21f	TCGA-06-0174-10B-01	ee3fc631-1e88-4f70-ab31-335851b38640	TCGA-06-0174	TCGA-GBM	ac791929-13bc-4c08-a7df-8c83489f6c88	TCGA-06-0174-10B	released	01	--	False
6e4cd725-8e45-4168-8494-3e870f9c3349	TCGA-06-5856-10A-01	f4fe7c02-be19-4929-8638-960e5776494c	TCGA-06-5856	TCGA-GBM	ceb3f963-b3ff-4003-9112-9ac375c82fe0	TCGA-06-5856-10A	released	01	--	False
17c0def9-6a68-48f4-a337-f2f62be7d559	TCGA-06-5856-01A-21-1899-20	f4fe7c02-be19-4929-8638-960e5776494c	TCGA-06-5856	TCGA-GBM	fc746957-2a65-44b9-9819-e857c390a1de	TCGA-06-5856-01A	released	21	--	False
3d3e2ae4-71b6-4109-8860-859a488cbacc	TCGA-06-5856-01A-01	f4fe7c02-be19-4929-8638-960e5776494c	TCGA-06-5856	TCGA-GBM	fc746957-2a65-44b9-9819-e857c390a1de	TCGA-06-5856-01A	released	01	60.0	False
66412944-0318-49f0-8e43-3eb5e4642660	TCGA-28-5209-10A-01	153c2442-ea61-4b5e-8c5c-c71d287c6055	TCGA-28-5209	TCGA-GBM	1fab2ef1-09e6-4d6d-b53c-db95cd154352	TCGA-28-5209-10A	released	01	--	False
4eb3ee9f-0cda-4c96-b178-9c7ec7a8ad38	TCGA-28-5209-01A-01	153c2442-ea61-4b5e-8c5c-c71d287c6055	TCGA-28-5209	TCGA-GBM	77b63255-12fb-45e3-bd0b-c4836fcfc569	TCGA-28-5209-01A	released	01	50.0	False
24f29a7f-7ed0-4d22-bf97-c5672ff2dd92	TCGA-06-0168-10A-01	224235c1-5b6e-48d5-a5d1-777dfede0f1e	TCGA-06-0168	TCGA-GBM	1037b0e7-9d2c-4d10-8695-575926a4e4a4	TCGA-06-0168-10A	released	01	--	False
646e0e73-7304-4825-80c7-43eb996a08fd	TCGA-06-0168-01A-02	224235c1-5b6e-48d5-a5d1-777dfede0f1e	TCGA-06-0168	TCGA-GBM	d2fd4201-0a18-445e-8f83-ba67f4343e92	TCGA-06-0168-01A	released	02	--	False
522609b1-9b30-425f-91cb-3f2310769356	TCGA-06-0168-01A-01	224235c1-5b6e-48d5-a5d1-777dfede0f1e	TCGA-06-0168	TCGA-GBM	d2fd4201-0a18-445e-8f83-ba67f4343e92	TCGA-06-0168-01A	released	01	--	False
c23d8512-d197-48c1-9d75-cd6dba20a0a4	TCGA-76-4932-10A-01	d6de8d1c-e5ff-45cd-b53e-f943d2578713	TCGA-76-4932	TCGA-GBM	d4cbc03a-0b46-4eaf-ab5e-a288579779fc	TCGA-76-4932-10A	released	01	--	False
12342d39-e405-4bea-b5d7-cb5c2c432049	TCGA-76-4932-01A-22-1899-20	d6de8d1c-e5ff-45cd-b53e-f943d2578713	TCGA-76-4932	TCGA-GBM	0bc8fe6e-0d2a-4c45-9af8-6a976b9a0327	TCGA-76-4932-01A	released	22	--	False
9c64e9e2-51af-4740-89e3-303c484d3ab7	TCGA-76-4932-01A-01	d6de8d1c-e5ff-45cd-b53e-f943d2578713	TCGA-76-4932	TCGA-GBM	0bc8fe6e-0d2a-4c45-9af8-6a976b9a0327	TCGA-76-4932-01A	released	01	101.0	False
2b058672-ce4d-43e5-979e-3ed976895f6a	TCGA-14-0871-01A-01	72f88d18-03be-4b51-9f4a-1151521b7292	TCGA-14-0871	TCGA-GBM	fd202256-3168-4d4a-b3cc-1c667838c313	TCGA-14-0871-01A	released	01	90.0	False
00da2077-778c-418a-9c92-01febd970ed8	TCGA-14-0871-01A-21-1898-20	72f88d18-03be-4b51-9f4a-1151521b7292	TCGA-14-0871	TCGA-GBM	fd202256-3168-4d4a-b3cc-1c667838c313	TCGA-14-0871-01A	released	21	--	False
1b632066-0c09-427d-a11b-344149df5511	TCGA-14-0871-10A-01	72f88d18-03be-4b51-9f4a-1151521b7292	TCGA-14-0871	TCGA-GBM	5a6717fa-b73e-4fe8-9714-0033aedb1748	TCGA-14-0871-10A	released	01	--	False
77ce0e17-be2f-415a-a54a-306ab88518ee	TCGA-32-2616-10A-01	52408d9f-2637-4952-9b90-cb607a860f23	TCGA-32-2616	TCGA-GBM	2db2c8ca-d890-41f7-ba50-e250f157d9ea	TCGA-32-2616-10A	released	01	--	False
a05c383c-9ee5-4a9b-ac7e-f7b68b923337	TCGA-32-2616-01A-01	52408d9f-2637-4952-9b90-cb607a860f23	TCGA-32-2616	TCGA-GBM	5405234c-f1bb-4d73-ad47-c2571aadc7f1	TCGA-32-2616-01A	released	01	69.0	False
90b8929e-a919-460e-b3d6-48eb33bcad0a	TCGA-06-0125-02A-31-2189-20	8da3103e-3e6c-4176-a583-d5fe5e60601e	TCGA-06-0125	TCGA-GBM	2452d88c-350b-4f54-96b8-b273a0706741	TCGA-06-0125-02A	released	31	--	False
2a9fc6c2-4b9c-4268-b6c7-1c77bbf79a21	TCGA-06-0125-02A-11	8da3103e-3e6c-4176-a583-d5fe5e60601e	TCGA-06-0125	TCGA-GBM	2452d88c-350b-4f54-96b8-b273a0706741	TCGA-06-0125-02A	released	11	25.0	False
589d0724-c23d-4c04-96cd-f5aa62e3567b	TCGA-06-0125-01A-03-1900-20	8da3103e-3e6c-4176-a583-d5fe5e60601e	TCGA-06-0125	TCGA-GBM	3a30326b-7523-4565-9a7e-0f7b5536b1ca	TCGA-06-0125-01A	released	03	--	False
832e2a05-3868-416b-b2bf-9805ae4e0478	TCGA-06-0125-01A-01	8da3103e-3e6c-4176-a583-d5fe5e60601e	TCGA-06-0125	TCGA-GBM	3a30326b-7523-4565-9a7e-0f7b5536b1ca	TCGA-06-0125-01A	released	01	100.0	False
52502660-8748-4dce-b5a0-4cacf0049f15	TCGA-06-0125-10A-01	8da3103e-3e6c-4176-a583-d5fe5e60601e	TCGA-06-0125	TCGA-GBM	0b38c4da-016a-499c-8bd2-2a22c912b74c	TCGA-06-0125-10A	released	01	--	False
d3b617d6-3b3f-40dc-bda0-f4ed9d948d26	TCGA-06-0139-01A-01	5bbeb8a7-3ac2-4ef1-bd48-6f83bc994a75	TCGA-06-0139	TCGA-GBM	2e54b242-9fda-4cb6-aeb7-4c3a56f8871a	TCGA-06-0139-01A	released	01	183.0	False
790f03cf-ad8f-4cde-8ba5-f465837c687f	TCGA-06-0139-10A-01	5bbeb8a7-3ac2-4ef1-bd48-6f83bc994a75	TCGA-06-0139	TCGA-GBM	5901d13e-e0ee-4c1b-a6e3-5dc09c19cdc2	TCGA-06-0139-10A	released	01	--	False
d860c3db-ab79-438f-8dbe-0e0fd596760b	TCGA-06-0139-01B-05	5bbeb8a7-3ac2-4ef1-bd48-6f83bc994a75	TCGA-06-0139	TCGA-GBM	76d1d52a-3381-43a2-8415-ac3561af9b51	TCGA-06-0139-01B	released	05	--	False
9840d4b6-92f6-4b5f-baeb-61c20ab0cd6c	TCGA-41-2572-10A-01	1e80ccf6-ef81-4662-bf5e-392f092c1e67	TCGA-41-2572	TCGA-GBM	c65d9a9c-6dc3-4e79-bcc4-76497084b94e	TCGA-41-2572-10A	released	01	--	False
4d05af6b-d3ac-448d-910c-09c6419d0fc7	TCGA-41-2572-01A-01	1e80ccf6-ef81-4662-bf5e-392f092c1e67	TCGA-41-2572	TCGA-GBM	6da1271f-ae25-4301-84be-6468e9b494f9	TCGA-41-2572-01A	released	01	112.0	False
16591c0a-e8b4-4f79-bc3b-11352514fc26	TCGA-06-5858-01A-01	d1547b99-3c96-4c62-8261-5111bcf860a9	TCGA-06-5858	TCGA-GBM	de0caab5-1c9b-4826-a666-c024935be29d	TCGA-06-5858-01A	released	01	59.0	False
a4364dd3-95dc-45c6-894c-312cc5105aca	TCGA-06-5858-01A-21-1899-20	d1547b99-3c96-4c62-8261-5111bcf860a9	TCGA-06-5858	TCGA-GBM	de0caab5-1c9b-4826-a666-c024935be29d	TCGA-06-5858-01A	released	21	--	False
32ae8141-d5de-4e60-a52c-dccf17846abb	TCGA-06-5858-10A-01	d1547b99-3c96-4c62-8261-5111bcf860a9	TCGA-06-5858	TCGA-GBM	accf6f01-8767-47b7-b410-31ff021c20dd	TCGA-06-5858-10A	released	01	--	False
694947b3-aa7e-4ae1-b843-bc8a9e4e1a1f	TCGA-06-2564-01A-22-1899-20	8ff9f921-f9e9-41c1-a5d4-891fd4cfe979	TCGA-06-2564	TCGA-GBM	e09161b9-d935-4bb4-a725-0384b6dedd06	TCGA-06-2564-01A	released	22	--	False
5b6cdcca-9ef1-4286-ae3f-74da6b58f598	TCGA-06-2564-01A-01	8ff9f921-f9e9-41c1-a5d4-891fd4cfe979	TCGA-06-2564	TCGA-GBM	e09161b9-d935-4bb4-a725-0384b6dedd06	TCGA-06-2564-01A	released	01	121.0	False
50e94ee8-1cb4-46d6-a9ea-f92c163bcb09	TCGA-06-2564-10A-01	8ff9f921-f9e9-41c1-a5d4-891fd4cfe979	TCGA-06-2564	TCGA-GBM	5ebc47c2-a813-4c0d-b554-961cc635a5c1	TCGA-06-2564-10A	released	01	--	False
b39eb203-20df-4049-b93c-2d6598f71c16	TCGA-14-1829-10A-01	47a4161c-9c61-48f5-b9bc-a6d1acad4e5a	TCGA-14-1829	TCGA-GBM	555dd344-9160-438f-a6ea-d5f17e07f56b	TCGA-14-1829-10A	released	01	--	False
349d692a-5d4e-4a37-a8e2-66987da2526e	TCGA-14-1829-01A-01	47a4161c-9c61-48f5-b9bc-a6d1acad4e5a	TCGA-14-1829	TCGA-GBM	fcec6dd2-da99-4011-ab05-d45ce9522c49	TCGA-14-1829-01A	released	01	126.0	False
f7a7183d-7925-4591-a338-f1572c838f10	TCGA-06-0138-01A-01	66bd4c9e-2ebd-4092-a2b0-69027e8af5b8	TCGA-06-0138	TCGA-GBM	8761ca7d-dd5e-47b5-956f-b6738c1ce9dc	TCGA-06-0138-01A	released	01	--	False
26c4fc97-517a-45a5-933e-3b1d75228ad4	TCGA-06-0138-01A-02	66bd4c9e-2ebd-4092-a2b0-69027e8af5b8	TCGA-06-0138	TCGA-GBM	8761ca7d-dd5e-47b5-956f-b6738c1ce9dc	TCGA-06-0138-01A	released	02	--	False
669e7029-d659-4b16-bd24-a63e7227807a	TCGA-06-0138-10C-01	66bd4c9e-2ebd-4092-a2b0-69027e8af5b8	TCGA-06-0138	TCGA-GBM	7f01fb4d-15f3-4062-84fe-827d539080ea	TCGA-06-0138-10C	released	01	--	False
b140ae31-e932-4bb5-8baa-15b1d8ce7463	TCGA-06-0178-10B-01	53abce1d-7e33-4ebd-832f-f3789f67377f	TCGA-06-0178	TCGA-GBM	8cea223d-73e5-4f8d-b310-a238a563945b	TCGA-06-0178-10B	released	01	--	False
ff60db6b-61b8-450d-9d56-dc9c24222309	TCGA-06-0178-01A-01	53abce1d-7e33-4ebd-832f-f3789f67377f	TCGA-06-0178	TCGA-GBM	f9d8d0d1-81d5-4ce2-8f01-83c5ae0acc90	TCGA-06-0178-01A	released	01	--	False
256dba19-5a06-4864-afa0-0f2cb2865f2b	TCGA-28-5208-01A-21-1899-20	46bfebf4-0ef6-4348-81dc-d7d3cb52c08f	TCGA-28-5208	TCGA-GBM	c286faa9-5ea2-487d-8d17-651be5988c04	TCGA-28-5208-01A	released	21	--	False
b806dfd1-e515-42a1-bbfb-acc91dc46c62	TCGA-28-5208-01A-01	46bfebf4-0ef6-4348-81dc-d7d3cb52c08f	TCGA-28-5208	TCGA-GBM	c286faa9-5ea2-487d-8d17-651be5988c04	TCGA-28-5208-01A	released	01	124.0	False
11936a4b-a6b8-46d9-8847-b16690643e4b	TCGA-28-5208-10A-01	46bfebf4-0ef6-4348-81dc-d7d3cb52c08f	TCGA-28-5208	TCGA-GBM	3fde39e1-5b2a-430c-959b-9b824280ff37	TCGA-28-5208-10A	released	01	--	False
5a1a87b3-de9d-4435-bdad-5e7b2d0a2df0	TCGA-27-2528-10A-01	be3a7ef3-34ed-40e1-9d9c-187940596b26	TCGA-27-2528	TCGA-GBM	7c23926c-217d-4923-b313-ad51e0306889	TCGA-27-2528-10A	released	01	--	False
52bca262-417c-4391-90ec-649367f28c45	TCGA-27-2528-01A-22-1899-20	be3a7ef3-34ed-40e1-9d9c-187940596b26	TCGA-27-2528	TCGA-GBM	3190bd1a-a83a-45f6-959a-863bbae58ffe	TCGA-27-2528-01A	released	22	--	False
f3fdb834-7484-4dce-bad5-eec043358203	TCGA-27-2528-01A-01	be3a7ef3-34ed-40e1-9d9c-187940596b26	TCGA-27-2528	TCGA-GBM	3190bd1a-a83a-45f6-959a-863bbae58ffe	TCGA-27-2528-01A	released	01	126.0	False
d7d6194a-07e4-4bf7-b868-c1f73cc9822b	TCGA-06-0171-02A-11	01a92062-967a-4900-8dc7-a5ecd3b3f8e2	TCGA-06-0171	TCGA-GBM	87f7c7d4-533a-401d-aca4-5e36ee815109	TCGA-06-0171-02A	released	11	40.0	False
080248c1-abed-4e34-b33a-51c45b9b4fd1	TCGA-06-0171-02A-31-2189-20	01a92062-967a-4900-8dc7-a5ecd3b3f8e2	TCGA-06-0171	TCGA-GBM	87f7c7d4-533a-401d-aca4-5e36ee815109	TCGA-06-0171-02A	released	31	--	False
4c8fda0d-e2ef-4b86-8eff-b6d10a8df49d	TCGA-06-0171-10A-01	01a92062-967a-4900-8dc7-a5ecd3b3f8e2	TCGA-06-0171	TCGA-GBM	651bf40b-94b9-4de6-a31f-bf21ee76f5b6	TCGA-06-0171-10A	released	01	--	False
b1080fc9-a714-4694-8e05-ea6a66817e56	TCGA-06-0171-01A-02	01a92062-967a-4900-8dc7-a5ecd3b3f8e2	TCGA-06-0171	TCGA-GBM	6081351a-7d07-41fb-a99e-43587223bfcc	TCGA-06-0171-01A	released	02	--	False
ef7149bf-9a27-412d-bdb8-221b2973991e	TCGA-06-0171-01A-01	01a92062-967a-4900-8dc7-a5ecd3b3f8e2	TCGA-06-0171	TCGA-GBM	6081351a-7d07-41fb-a99e-43587223bfcc	TCGA-06-0171-01A	released	01	113.0	False
221815cf-2428-45c0-abb1-cf5e4d9f72b1	TCGA-06-0171-01A-11-1898-20	01a92062-967a-4900-8dc7-a5ecd3b3f8e2	TCGA-06-0171	TCGA-GBM	6081351a-7d07-41fb-a99e-43587223bfcc	TCGA-06-0171-01A	released	11	--	False
8efac350-5dd9-4a4a-962f-06b0f86d8e5c	TCGA-12-3653-01A-01	2f61ea6b-a3f2-477f-ab98-47ed07b3b2cd	TCGA-12-3653	TCGA-GBM	df02d506-6c4f-46e8-8db8-2f53674d977f	TCGA-12-3653-01A	released	01	118.0	False
8868fbdf-a7b1-421e-8ee0-2ac648add16f	TCGA-12-3653-01A-22-1899-20	2f61ea6b-a3f2-477f-ab98-47ed07b3b2cd	TCGA-12-3653	TCGA-GBM	df02d506-6c4f-46e8-8db8-2f53674d977f	TCGA-12-3653-01A	released	22	--	False
fe990b16-ffaf-4d47-bfb6-ae4622784b76	TCGA-12-3653-10A-01	2f61ea6b-a3f2-477f-ab98-47ed07b3b2cd	TCGA-12-3653	TCGA-GBM	714463c4-bdcd-4979-836c-ace5a58a4553	TCGA-12-3653-10A	released	01	--	False
5e5ffc62-96a2-48e2-a419-7977bd371f4a	TCGA-76-4928-10A-01	dfa3ef71-7006-4c6d-81c4-e0c0c7b75c26	TCGA-76-4928	TCGA-GBM	df43b5b3-0119-42c6-bd54-96a3cf5549f4	TCGA-76-4928-10A	released	01	--	False
1e622bb7-baad-4f9d-a695-bb9c5488e98c	TCGA-76-4928-01B-01	dfa3ef71-7006-4c6d-81c4-e0c0c7b75c26	TCGA-76-4928	TCGA-GBM	57a4b542-5cb7-49eb-a9a0-0808e0d231d3	TCGA-76-4928-01B	released	01	120.0	False
12ad8b00-5272-48e4-9a07-7dcee9629b0c	TCGA-76-4928-01B-22-1899-20	dfa3ef71-7006-4c6d-81c4-e0c0c7b75c26	TCGA-76-4928	TCGA-GBM	57a4b542-5cb7-49eb-a9a0-0808e0d231d3	TCGA-76-4928-01B	released	22	--	False
0d0c6899-71a4-4e18-9c3a-87ae7c7f24f9	TCGA-06-0129-01A-01	bde84ea9-55c9-4d6d-be86-58fd9222c1d6	TCGA-06-0129	TCGA-GBM	f3a8f5c7-2209-4b84-bdb1-36b89b87ab63	TCGA-06-0129-01A	released	01	112.0	False
5728e751-d905-4be5-bd25-8ac1b067880e	TCGA-06-0129-01A-03-1900-20	bde84ea9-55c9-4d6d-be86-58fd9222c1d6	TCGA-06-0129	TCGA-GBM	f3a8f5c7-2209-4b84-bdb1-36b89b87ab63	TCGA-06-0129-01A	released	03	--	False
0dd2207b-0dd6-4c85-ab2b-c5190205b612	TCGA-06-0129-10A-01	bde84ea9-55c9-4d6d-be86-58fd9222c1d6	TCGA-06-0129	TCGA-GBM	b64e8d8c-63e0-4a55-b379-866db8df6c55	TCGA-06-0129-10A	released	01	--	False
ff09c74e-16a9-40ce-a149-d30c2ce31171	TCGA-28-2499-01A-01	d88b35a3-a291-457a-b15b-a314859b25c5	TCGA-28-2499	TCGA-GBM	05dc6db1-806a-42d4-bee6-719957d9a43b	TCGA-28-2499-01A	released	01	153.0	False
903e966f-226f-4d8a-a87a-c7ae0bc9de65	TCGA-28-2499-10A-01	d88b35a3-a291-457a-b15b-a314859b25c5	TCGA-28-2499	TCGA-GBM	4f1fa632-cd8d-4ec2-8d78-8772ad5515fe	TCGA-28-2499-10A	released	01	--	False
4054c393-985f-4386-aa68-1e719e288d00	TCGA-28-5204-01A-01	28da11ec-f46a-4abc-b4c8-bbb784419c71	TCGA-28-5204	TCGA-GBM	3c3727be-0343-4782-a0eb-e7f50d2f6874	TCGA-28-5204-01A	released	01	75.0	False
99f3b99d-1ffb-4287-9303-92c58ec2f85b	TCGA-28-5204-10A-01	28da11ec-f46a-4abc-b4c8-bbb784419c71	TCGA-28-5204	TCGA-GBM	c0e5181e-1036-47a0-98f1-a6e4d1cd0788	TCGA-28-5204-10A	released	01	--	False
6dd89948-0285-4026-a8ee-1b418ad404ed	TCGA-14-0787-01A-01	a2338b30-f511-4163-af3b-1e4a40ff00e1	TCGA-14-0787	TCGA-GBM	64619003-b363-4d42-adda-ee2e0bd2ba8e	TCGA-14-0787-01A	released	01	--	False
fdea285d-bdf4-47a7-a85f-acae93b1241c	TCGA-14-0787-10A-01	a2338b30-f511-4163-af3b-1e4a40ff00e1	TCGA-14-0787	TCGA-GBM	fecd0938-26d7-4b61-8c6b-1b0d1dbb4867	TCGA-14-0787-10A	released	01	--	False
ee76533d-8a9d-4a22-b7f8-741e243fa6cd	TCGA-06-0187-10B-01	149be735-d5db-43b6-80b7-d40e3a84500b	TCGA-06-0187	TCGA-GBM	450c8f6b-7958-418b-b7a1-93f47f57bb53	TCGA-06-0187-10B	released	01	--	False
0721a5a2-2c95-42cf-902c-dff3e9521ed2	TCGA-06-0187-01A-01	149be735-d5db-43b6-80b7-d40e3a84500b	TCGA-06-0187	TCGA-GBM	299b124f-f81e-40a9-a6ad-72d433b380fc	TCGA-06-0187-01A	released	01	--	False
d2761a82-9890-4cf9-a14b-57920b8f64c8	TCGA-28-2510-01A-01	6ccd57e5-9215-46fa-b3be-e408a0f424dc	TCGA-28-2510	TCGA-GBM	52e55780-f163-410c-baef-0acebf9b205f	TCGA-28-2510-01A	released	01	165.0	False
dd603e01-de8f-4340-b79c-2b537e5ba931	TCGA-28-2510-10A-01	6ccd57e5-9215-46fa-b3be-e408a0f424dc	TCGA-28-2510	TCGA-GBM	addea303-3d0a-4d1c-b6c9-cc53103222ca	TCGA-28-2510-10A	released	01	--	False
1962ce59-b242-4d03-b8f2-58fc254d04e3	TCGA-12-5295-10A-01	c970240f-03e2-4395-85be-5eb81a69b710	TCGA-12-5295	TCGA-GBM	f432d4bf-37c0-4f28-90ec-69d31c70ea33	TCGA-12-5295-10A	released	01	--	False
3d37173d-c197-4e44-9052-54af601ce31a	TCGA-12-5295-01A-01	c970240f-03e2-4395-85be-5eb81a69b710	TCGA-12-5295	TCGA-GBM	7fc84e4d-7bdb-4b4f-8f04-fa4e6ebc10e1	TCGA-12-5295-01A	released	01	140.0	False
466114ee-7208-41d3-850e-3e92088e1377	TCGA-12-5295-01A-21-1899-20	c970240f-03e2-4395-85be-5eb81a69b710	TCGA-12-5295	TCGA-GBM	7fc84e4d-7bdb-4b4f-8f04-fa4e6ebc10e1	TCGA-12-5295-01A	released	21	--	False
f99b7f88-894a-4363-a328-6d54d77a65bf	TCGA-28-2509-10A-01	aa7ad106-eadc-489e-83b2-5698652434ea	TCGA-28-2509	TCGA-GBM	9487a81a-13f0-4e5c-946b-38767557f525	TCGA-28-2509-10A	released	01	--	False
6542fa46-88ca-4d4c-8db0-77d99192f779	TCGA-28-2509-01A-01	aa7ad106-eadc-489e-83b2-5698652434ea	TCGA-28-2509	TCGA-GBM	94b6f384-a5a6-496b-96a6-633375885245	TCGA-28-2509-01A	released	01	157.0	False
cd0ffe8a-8269-4545-9e67-4584bdc60561	TCGA-32-2615-10A-01	30011f30-2926-47f2-a8f3-4f1b58ffa227	TCGA-32-2615	TCGA-GBM	f953bbcd-eac9-40e1-b789-08c263503e74	TCGA-32-2615-10A	released	01	--	False
ee0899c2-bb9e-42ba-8841-96551fe2ec86	TCGA-32-2615-01A-01	30011f30-2926-47f2-a8f3-4f1b58ffa227	TCGA-32-2615	TCGA-GBM	b0322b4f-2b24-42bf-838b-af74bf32dc7b	TCGA-32-2615-01A	released	01	158.0	False
109f0478-bb55-46d4-bd5d-303cf3912a48	TCGA-26-5136-10A-01	34f216fb-09dc-48af-9e09-7d12cc07c1f7	TCGA-26-5136	TCGA-GBM	35cf398e-0a78-49b7-a2d0-4aed6310052c	TCGA-26-5136-10A	released	01	--	False
b5069647-b29a-4b90-8979-b73fac9e37ef	TCGA-26-5136-01B-01	34f216fb-09dc-48af-9e09-7d12cc07c1f7	TCGA-26-5136	TCGA-GBM	7cc02e7f-2000-42b7-90f5-5cb00ca33d42	TCGA-26-5136-01B	released	01	68.0	False
16b142ac-166e-47a7-961c-bdd64761b00c	TCGA-32-4213-01A-01	22e0c3ea-9f6d-4d73-9282-17ee4553f436	TCGA-32-4213	TCGA-GBM	7d959fc1-ec55-4299-b54e-7777df70ff26	TCGA-32-4213-01A	released	01	98.0	False
1f2663e1-2014-4613-b166-22a8a4e7294f	TCGA-32-4213-10A-01	22e0c3ea-9f6d-4d73-9282-17ee4553f436	TCGA-32-4213	TCGA-GBM	64d84121-d364-4982-95c2-cd8140d8e235	TCGA-32-4213-10A	released	01	--	False
2ad7d751-71f8-4379-abfc-6d79dd3fce2a	TCGA-27-1830-01A-01	6e72d2e2-96fe-4fbb-9fe6-39ec28753eb6	TCGA-27-1830	TCGA-GBM	735793ad-9884-44bb-bd9c-5bd339764473	TCGA-27-1830-01A	released	01	110.0	False
5c259e4a-4f44-410b-bd65-443cbb36853b	TCGA-27-1830-01A-21-1899-20	6e72d2e2-96fe-4fbb-9fe6-39ec28753eb6	TCGA-27-1830	TCGA-GBM	735793ad-9884-44bb-bd9c-5bd339764473	TCGA-27-1830-01A	released	21	--	False
b032c349-c525-444d-828b-6c047e62ca84	TCGA-27-1830-10A-01	6e72d2e2-96fe-4fbb-9fe6-39ec28753eb6	TCGA-27-1830	TCGA-GBM	ad49e59c-f74f-4d60-b06c-ec51d1c18fd3	TCGA-27-1830-10A	released	01	--	False
760b8452-7336-41f0-843b-467c4ce7e918	TCGA-27-1837-10A-01	bc7a0c8f-c1c1-447c-8019-389e52525081	TCGA-27-1837	TCGA-GBM	4a048c2c-8d98-4b74-a4bb-d283376cdaea	TCGA-27-1837-10A	released	01	--	False
a2b5bd8a-efc9-4d9c-8c08-e507ad4c09a3	TCGA-27-1837-01A-01	bc7a0c8f-c1c1-447c-8019-389e52525081	TCGA-27-1837	TCGA-GBM	101c1510-edde-4b3c-b9e9-e947c7bcf54e	TCGA-27-1837-01A	released	01	90.0	False
af0ea213-1c05-44bc-813c-5bd42d3b4956	TCGA-14-1823-01A-21-1899-20	a515cf2d-e918-4958-9bf6-e611b425a97e	TCGA-14-1823	TCGA-GBM	7ead0574-478a-4fe1-aabe-34965101b05d	TCGA-14-1823-01A	released	21	--	False
9e13a4b1-fea9-4d86-9ba4-f68d7a0d9128	TCGA-14-1823-01A-01	a515cf2d-e918-4958-9bf6-e611b425a97e	TCGA-14-1823	TCGA-GBM	7ead0574-478a-4fe1-aabe-34965101b05d	TCGA-14-1823-01A	released	01	116.0	False
f2232e67-3365-44f8-8906-3d1acc6a72c3	TCGA-14-1823-10A-01	a515cf2d-e918-4958-9bf6-e611b425a97e	TCGA-14-1823	TCGA-GBM	6308e006-d201-446e-86ed-30890c6c4826	TCGA-14-1823-10A	released	01	--	False
890664ac-0c34-4b63-a027-207c16ab5871	TCGA-06-0157-10A-01	ea3b5da2-6a12-400c-bf0f-e442f5ec1132	TCGA-06-0157	TCGA-GBM	bed2f325-b640-48e3-9f67-b63c914d2a20	TCGA-06-0157-10A	released	01	--	False
ab0960d8-34b3-4662-afb0-c82ba5c9cd03	TCGA-06-0157-01A-01	ea3b5da2-6a12-400c-bf0f-e442f5ec1132	TCGA-06-0157	TCGA-GBM	bd8a1623-5006-4e03-9eb7-0c5a6f9e73d0	TCGA-06-0157-01A	released	01	--	False
ffd2c8cb-59af-413e-a441-b37cdc79bbe4	TCGA-06-0238-01A-02	eddbca7a-d668-4c5d-9843-340d7f18e30e	TCGA-06-0238	TCGA-GBM	27f0091d-3916-409e-9835-7f0181a43d7a	TCGA-06-0238-01A	released	02	146.0	False
b9fc1d37-b629-436b-b83c-70183ca4d424	TCGA-06-0238-01A-03-1900-20	eddbca7a-d668-4c5d-9843-340d7f18e30e	TCGA-06-0238	TCGA-GBM	27f0091d-3916-409e-9835-7f0181a43d7a	TCGA-06-0238-01A	released	03	--	False
3563121f-6e55-4b6f-a064-0a40b78fb7c7	TCGA-06-0238-10A-01	eddbca7a-d668-4c5d-9843-340d7f18e30e	TCGA-06-0238	TCGA-GBM	df402570-d498-43b0-be96-35627a2a0684	TCGA-06-0238-10A	released	01	--	False
1b406c1f-1d49-4ea5-9707-797b2dc2db4c	TCGA-28-1747-10B-01	35a7e49e-747b-45ce-9a07-3a5faba0ca94	TCGA-28-1747	TCGA-GBM	bf76c183-28a8-49e6-9d76-93b4ee9e55ec	TCGA-28-1747-10B	released	01	--	False
0c193d23-02a1-464c-a5a6-b5d575371c81	TCGA-28-1747-01C-01	35a7e49e-747b-45ce-9a07-3a5faba0ca94	TCGA-28-1747	TCGA-GBM	facef44e-2e8c-42fb-a4ff-fe106f61f6b4	TCGA-28-1747-01C	released	01	132.0	False
18cb56a6-8c49-4134-be47-cd50e5c15b0c	TCGA-28-1747-01C-21-1899-20	35a7e49e-747b-45ce-9a07-3a5faba0ca94	TCGA-28-1747	TCGA-GBM	facef44e-2e8c-42fb-a4ff-fe106f61f6b4	TCGA-28-1747-01C	released	21	--	False
63e25657-37f5-48fd-81d9-c7b99a40abda	TCGA-06-0210-01A-01	de7b7cac-f094-4d59-8651-e991e34ea093	TCGA-06-0210	TCGA-GBM	d56a1eb8-d47b-41c3-b5d0-f5632df77b3f	TCGA-06-0210-01A	released	01	--	False
f8f3fffc-4e71-4000-98f4-bd91286aabc3	TCGA-06-0210-02A-21-2189-20	de7b7cac-f094-4d59-8651-e991e34ea093	TCGA-06-0210	TCGA-GBM	15e8851a-ea08-4cf5-84a3-86fd47b60258	TCGA-06-0210-02A	released	21	--	False
c7a88b66-f2c6-4ded-a9e7-027ee9e4cbc2	TCGA-06-0210-02A-01	de7b7cac-f094-4d59-8651-e991e34ea093	TCGA-06-0210	TCGA-GBM	15e8851a-ea08-4cf5-84a3-86fd47b60258	TCGA-06-0210-02A	released	01	118.0	False
656bf4b2-c87f-47e6-89b8-5b259cd9e966	TCGA-06-0210-01B-01	de7b7cac-f094-4d59-8651-e991e34ea093	TCGA-06-0210	TCGA-GBM	ad4ad75d-571f-4d0d-8769-99bea6d7d0e9	TCGA-06-0210-01B	released	01	--	False
16e648f6-3d2a-45b6-a90d-3457fb93ecb9	TCGA-06-0210-10A-01	de7b7cac-f094-4d59-8651-e991e34ea093	TCGA-06-0210	TCGA-GBM	074a1516-3adc-41d0-84cb-2a5b13c44469	TCGA-06-0210-10A	released	01	--	False
a27a0104-3cd7-4a64-a51c-37319c715fe8	TCGA-06-0878-01A-01	98e2f2ec-bdcd-490a-bf45-600e3b6c7491	TCGA-06-0878	TCGA-GBM	c57c5a20-eae2-43c7-95ed-fbc357009106	TCGA-06-0878-01A	released	01	142.0	False
6111e87e-86bb-4c70-81d3-63d7dfdfa754	TCGA-06-0878-01A-21-1898-20	98e2f2ec-bdcd-490a-bf45-600e3b6c7491	TCGA-06-0878	TCGA-GBM	c57c5a20-eae2-43c7-95ed-fbc357009106	TCGA-06-0878-01A	released	21	--	False
a8c7aa66-959d-41fc-89ae-e82346c25950	TCGA-06-0878-10A-01	98e2f2ec-bdcd-490a-bf45-600e3b6c7491	TCGA-06-0878	TCGA-GBM	590f0838-855e-4a09-bbf7-67eae1cedafe	TCGA-06-0878-10A	released	01	--	False
58834a37-d3e8-47c1-8376-5f27cc37e17d	TCGA-27-2524-10A-01	a597bfa8-8c4d-4f8e-9d85-8a9fdc2c56ff	TCGA-27-2524	TCGA-GBM	3a244b0d-6f78-4e85-a108-df5b276b6534	TCGA-27-2524-10A	released	01	--	False
cd46de45-e2b4-4511-a7ec-8618f432e93f	TCGA-27-2524-01A-01	a597bfa8-8c4d-4f8e-9d85-8a9fdc2c56ff	TCGA-27-2524	TCGA-GBM	f592d028-d302-4c96-9ef8-732a19762e22	TCGA-27-2524-01A	released	01	178.0	False
37af7534-d545-45ee-9de3-387ad85d98f7	TCGA-06-0644-01A-02	652a39f0-c539-4303-bedc-f0d7f4669d9f	TCGA-06-0644	TCGA-GBM	b89f08fa-e0f7-4b0f-9c97-fdc8b3fc40f0	TCGA-06-0644-01A	released	02	72.0	False
0d1dc196-0aac-401b-b52a-1f7fa6c3eb51	TCGA-06-0644-01A-21-1898-20	652a39f0-c539-4303-bedc-f0d7f4669d9f	TCGA-06-0644	TCGA-GBM	b89f08fa-e0f7-4b0f-9c97-fdc8b3fc40f0	TCGA-06-0644-01A	released	21	--	False
16cfed16-66cb-48f1-9b65-3973fc9dda9e	TCGA-06-0644-10A-01	652a39f0-c539-4303-bedc-f0d7f4669d9f	TCGA-06-0644	TCGA-GBM	f58f42a8-795c-41ef-bd91-abc47f85a2dc	TCGA-06-0644-10A	released	01	--	False
59784dc8-27b5-4320-996e-7fa1ff510057	TCGA-02-0055-10A-01	da5f6940-e8ee-4fd1-a8da-4cd68e02e59c	TCGA-02-0055	TCGA-GBM	a1a1a865-9fea-4114-8019-ad25a6bf8a0d	TCGA-02-0055-10A	released	01	--	False
9bf13b11-b65d-4389-895b-dc587ef1dd4f	TCGA-02-0055-01A-01	da5f6940-e8ee-4fd1-a8da-4cd68e02e59c	TCGA-02-0055	TCGA-GBM	9579307e-c138-44c4-867f-69d97e6ac741	TCGA-02-0055-01A	released	01	--	False
88b148b1-291b-4c07-a52f-63a2982921fb	TCGA-76-4929-01A-01	c04657d2-b71b-4402-82fa-02747cce331d	TCGA-76-4929	TCGA-GBM	d2acbfe6-ab53-4932-8d67-1c72f2c11d61	TCGA-76-4929-01A	released	01	140.0	False
bdffd7fb-2e88-48c7-a450-9f2860566dd0	TCGA-76-4929-01A-22-1899-20	c04657d2-b71b-4402-82fa-02747cce331d	TCGA-76-4929	TCGA-GBM	d2acbfe6-ab53-4932-8d67-1c72f2c11d61	TCGA-76-4929-01A	released	22	--	False
82edb9b9-9e6d-42c3-b0be-52e35c0cc421	TCGA-76-4929-10A-01	c04657d2-b71b-4402-82fa-02747cce331d	TCGA-76-4929	TCGA-GBM	ac2079b4-7467-41bb-a3e1-d44e16631465	TCGA-76-4929-10A	released	01	--	False
9cda10df-5ec5-49d7-ae5d-8edd0f31b778	TCGA-06-5413-10A-01	8d2e88d9-d8d0-4c42-8aa2-205a788dea58	TCGA-06-5413	TCGA-GBM	325014a0-86e8-4bd0-b822-01c680196f52	TCGA-06-5413-10A	released	01	--	False
9f726ed0-1d19-41e9-b0ac-58ed5321c549	TCGA-06-5413-01A-21-1899-20	8d2e88d9-d8d0-4c42-8aa2-205a788dea58	TCGA-06-5413	TCGA-GBM	7cfddae2-aa56-485b-9dd7-b3b235abae2c	TCGA-06-5413-01A	released	21	--	False
87bf5eed-6395-487c-93ec-ddfb55424e5b	TCGA-06-5413-01A-01	8d2e88d9-d8d0-4c42-8aa2-205a788dea58	TCGA-06-5413	TCGA-GBM	7cfddae2-aa56-485b-9dd7-b3b235abae2c	TCGA-06-5413-01A	released	01	125.0	False